Workbook

Sheet OB Detail
A1: Talabira II & III OCP
A2: Survey Quantity vs FMS Quantity
A3: Months | B3: NLCIL OB Signed Volume (Mcum) | C3: TOMPL Total (OB+SHALE) in Cum | D3: % Diff between NLCIL and TOMPL | E3: Trips data by DIMPL | F3: % Diff between NLCIL & DIMPL | G3: % Diff between TOML & DIMPL | H3: Trips data by FMS | I3: % Diff between NLCIL & FMS | J3: % Diff between TOMPL & FMS | K3: % Diff between DIMPL & FMS
A4: 46113 | B4: 1878124.4 | C4: 1605346.1 | D4: =((B4-C4)/C4) -> 0.16991866 | E4: 1796489 | F4: =((B4-E4)/C4) -> 0.050852205 | G4: =((E4-C4)/C4) -> 0.11906645 | H4: 1547353 | I4: =((B4-H4)/C4) -> 0.20604366 | J4: =((C4-H4)/C4) -> 0.036125003 | K4: =((E4-H4)/C4) -> 0.15519145 | M4: Difference in OB Qty Figures | S4: Difference in Quantity in Percentage
A5: 46143 | B5: 1888124.4 | C5: 1616656.3 | D5: =((B5-C5)/C5) -> 0.16791949 | E5: =H5*1.105 -> 1689331.7 | F5: =((B5-E5)/C5) -> 0.12296532 | G5: =((E5-C5)/C5) -> 0.044954172 | H5: 1528807 | I5: =((B5-H5)/C5) -> 0.22225961 | J5: =((C5-H5)/C5) -> 0.054340116 | K5: =((E5-H5)/C5) -> 0.099294288 | N5: Survey | O5: DIMPL | P5: FMS | T5: Survey vs FMS | U5: Survey vs DIMPL | V5: DIMPL vs FMS
A6: 46174 | C6: =C5-E5 -> -72675.445 | D6: =((B6-C6)/C6) -> -1 | F6: =((B6-E6)/C6) -> 0 | G6: =((E6-C6)/C6) -> -1 | I6: =((B6-H6)/C6) -> 0 | J6: =((C6-H6)/C6) -> 1 | K6: =((E6-H6)/C6) -> 0 | M6: OB Quantity | N6: 1605346.1 | O6: 1796489 | P6: 1547353 | S6: OB Quantity | T6: 3.747893 | U6: 10.639802 | V6: 16.100786
A7: 46204 | C7: =C5-H5 -> 87849.29 | D7: =((B7-C7)/C7) -> -1 | F7: =((B7-E7)/C7) -> 0 | G7: =((E7-C7)/C7) -> -1 | I7: =((B7-H7)/C7) -> 0 | J7: =((C7-H7)/C7) -> 1 | K7: =((E7-H7)/C7) -> 0
A8: 46235 | C8: =E5-H5 -> 160524.73 | D8: =((B8-C8)/C8) -> -1 | F8: =((B8-E8)/C8) -> 0 | G8: =((E8-C8)/C8) -> -1 | I8: =((B8-H8)/C8) -> 0 | J8: =((C8-H8)/C8) -> 1 | K8: =((E8-H8)/C8) -> 0
A9: 46266 | D9: =((B9-C9)/C9) -> #DIV/0! | F9: =((B9-E9)/C9) -> #DIV/0! | G9: =((E9-C9)/C9) -> #DIV/0! | I9: =((B9-H9)/C9) -> #DIV/0! | J9: =((C9-H9)/C9) -> #DIV/0! | K9: =((E9-H9)/C9) -> #DIV/0!
A10: 46296 | D10: =((B10-C10)/C10) -> #DIV/0! | F10: =((B10-E10)/C10) -> #DIV/0! | G10: =((E10-C10)/C10) -> #DIV/0! | I10: =((B10-H10)/C10) -> #DIV/0! | J10: =((C10-H10)/C10) -> #DIV/0! | K10: =((E10-H10)/C10) -> #DIV/0!
A11: 46327 | D11: =((B11-C11)/C11) -> #DIV/0! | F11: =((B11-E11)/C11) -> #DIV/0! | G11: =((E11-C11)/C11) -> #DIV/0! | I11: =((B11-H11)/C11) -> #DIV/0! | J11: =((C11-H11)/C11) -> #DIV/0! | K11: =((E11-H11)/C11) -> #DIV/0!
A12: 46357 | D12: =((B12-C12)/C12) -> #DIV/0! | F12: =((B12-E12)/C12) -> #DIV/0! | G12: =((E12-C12)/C12) -> #DIV/0! | I12: =((B12-H12)/C12) -> #DIV/0! | J12: =((C12-H12)/C12) -> #DIV/0! | K12: =((E12-H12)/C12) -> #DIV/0!
A13: 46388 | D13: =((B13-C13)/C13) -> #DIV/0! | F13: =((B13-E13)/C13) -> #DIV/0! | G13: =((E13-C13)/C13) -> #DIV/0! | I13: =((B13-H13)/C13) -> #DIV/0! | J13: =((C13-H13)/C13) -> #DIV/0! | K13: =((E13-H13)/C13) -> #DIV/0!
A14: 46419 | D14: =((B14-C14)/C14) -> #DIV/0! | F14: =((B14-E14)/C14) -> #DIV/0! | G14: =((E14-C14)/C14) -> #DIV/0! | I14: =((B14-H14)/C14) -> #DIV/0! | J14: =((C14-H14)/C14) -> #DIV/0! | K14: =((E14-H14)/C14) -> #DIV/0!
A15: 46447 | D15: =((B15-C15)/C15) -> #DIV/0! | F15: =((B15-E15)/C15) -> #DIV/0! | G15: =((E15-C15)/C15) -> #DIV/0! | I15: =((B15-H15)/C15) -> #DIV/0! | J15: =((C15-H15)/C15) -> #DIV/0! | K15: =((E15-H15)/C15) -> #DIV/0!
A16: TOTAL | B16: =SUM(B4:B15) -> 3766248.8 | C16: =SUM(C4:C15) -> 3397701 | D16: =((B16-C16)/C16) -> 0.10846975 | E16: =SUM(E4:E15) -> 3485820.7 | F16: =((B16-E16)/C16) -> 0.082534645 | G16: =((E16-C16)/C16) -> 0.025935105 | H16: =SUM(H4:H15) -> 3076160 | I16: =((B16-H16)/C16) -> 0.20310462 | J16: =((C16-H16)/C16) -> 0.094634873 | K16: =((E16-H16)/C16) -> 0.12056998
A18: NOTE :- | B18: All diffrence percentage is benchmarked with TOMPL survey volume quantity.
B19: Survey cycle for TOMPL volume survey is 27th of Month to 27th of Month.
B20: Survey cycle for NLCIL volume survey is 1st of Month to 31st of Month.
B21: DIMPL trip volume is null n void till, if their survey quantity is presented and reported for comparision with TOMPL and FMS quantity.
B22: 5% variation is accepted between Survey and FMS report
B23: Any OB dumping 500 meter near to loading equipment and beyond 5 KM will be outlied for lead, quantity & trip calculation.

Sheet Trip Factor
A1: Talabira II & III OCP
A2: Survey Lead vs FMS Lead
A3: Months | B3: OEM TF | E3: % Diff between OEM TF & Surveyed TF | H3: TOMPL Surveyed TF | K3: % Diff between Pev. Survey TF & Current Surveyed TF
B4: Small | C4: Medium | D4: Big | E4: Coal | F4: OB Med | G4: OB Big | H4: Coal | I4: OB Med | J4: OB Big | K4: Coal | L4: OB Med | M4: OB Big
A5: 46113 | B5: 13 | C5: 25 | D5: 42 | E5: =(H5-B5)/B5 -> 0.20104452 | F5: =(I5-C5)/C5 -> 0.23190521 | G5: =(J5-D5)/D5 -> 0.20111731 | H5: ='April 26'!L4 -> 15.613579 | I5: ='April 26'!L5 -> 30.79763 | J5: ='April 26'!L6 -> 50.446927 | K5: =(H5-B5)/B5 -> 0.20104452 | L5: =(I5-C5)/C5 -> 0.23190521 | M5: =(J5-D5)/D5 -> 0.20111731
A6: 46143 | B6: 13 | C6: 25 | D6: 42 | E6: =(H6-B6)/B6 -> 0.057462642 | F6: =(I6-C6)/C6 -> 0.087690171 | G6: =(J6-D6)/D6 -> 0.057462642 | H6: ='May 26'!L4 -> 13.747014 | I6: ='May 26'!L5 -> 27.192254 | J6: ='May 26'!L6 -> 44.413431 | K6: =(H6-H5)/B6 -> -0.14358188 | L6: =(I6-I5)/C6 -> -0.14421503 | M6: =(J6-J5)/D6 -> -0.14365466
A7: 46174 | B7: 13 | C7: 25 | D7: 42 | E7: =(H7-B7)/B7 -> -1 | F7: =(I7-C7)/C7 -> -1 | G7: =(J7-D7)/D7 -> -1 | K7: =(H7-H6)/B7 -> -1.0574626 | L7: =(I7-I6)/C7 -> -1.0876902 | M7: =(J7-J6)/D7 -> -1.0574626
A8: 46204 | B8: 13 | C8: 25 | D8: 42 | E8: =(H8-B8)/B8 -> -1 | F8: =(I8-C8)/C8 -> -1 | G8: =(J8-D8)/D8 -> -1 | K8: =(H8-H7)/B8 -> 0 | L8: =(I8-I7)/C8 -> 0 | M8: =(J8-J7)/D8 -> 0
A9: 46235 | B9: 13 | C9: 25 | D9: 42 | E9: =(H9-B9)/B9 -> -1 | F9: =(I9-C9)/C9 -> -1 | G9: =(J9-D9)/D9 -> -1 | K9: =(H9-H8)/B9 -> 0 | L9: =(I9-I8)/C9 -> 0 | M9: =(J9-J8)/D9 -> 0
A10: 46266 | B10: 13 | C10: 25 | D10: 42 | E10: =(H10-B10)/B10 -> -1 | F10: =(I10-C10)/C10 -> -1 | G10: =(J10-D10)/D10 -> -1 | K10: =(H10-H9)/B10 -> 0 | L10: =(I10-I9)/C10 -> 0 | M10: =(J10-J9)/D10 -> 0
A11: 46296 | B11: 13 | C11: 25 | D11: 42 | E11: =(H11-B11)/B11 -> -1 | F11: =(I11-C11)/C11 -> -1 | G11: =(J11-D11)/D11 -> -1 | K11: =(H11-H10)/B11 -> 0 | L11: =(I11-I10)/C11 -> 0 | M11: =(J11-J10)/D11 -> 0
A12: 46327 | B12: 13 | C12: 25 | D12: 42 | E12: =(H12-B12)/B12 -> -1 | F12: =(I12-C12)/C12 -> -1 | G12: =(J12-D12)/D12 -> -1 | K12: =(H12-H11)/B12 -> 0 | L12: =(I12-I11)/C12 -> 0 | M12: =(J12-J11)/D12 -> 0
A13: 46357 | B13: 13 | C13: 25 | D13: 42 | E13: =(H13-B13)/B13 -> -1 | F13: =(I13-C13)/C13 -> -1 | G13: =(J13-D13)/D13 -> -1 | K13: =(H13-H12)/B13 -> 0 | L13: =(I13-I12)/C13 -> 0 | M13: =(J13-J12)/D13 -> 0
A14: 46388 | B14: 13 | C14: 25 | D14: 42 | E14: =(H14-B14)/B14 -> -1 | F14: =(I14-C14)/C14 -> -1 | G14: =(J14-D14)/D14 -> -1 | K14: =(H14-H13)/B14 -> 0 | L14: =(I14-I13)/C14 -> 0 | M14: =(J14-J13)/D14 -> 0
A15: 46419 | B15: 13 | C15: 25 | D15: 42 | E15: =(H15-B15)/B15 -> -1 | F15: =(I15-C15)/C15 -> -1 | G15: =(J15-D15)/D15 -> -1 | K15: =(H15-H14)/B15 -> 0 | L15: =(I15-I14)/C15 -> 0 | M15: =(J15-J14)/D15 -> 0
A16: 46447 | B16: 13 | C16: 25 | D16: 42 | E16: =(H16-B16)/B16 -> -1 | F16: =(I16-C16)/C16 -> -1 | G16: =(J16-D16)/D16 -> -1 | K16: =(H16-H15)/B16 -> 0 | L16: =(I16-I15)/C16 -> 0 | M16: =(J16-J15)/D16 -> 0
A17: TOTAL | B17: =AVERAGE(B5:B16) -> 13 | C17: =AVERAGE(C5:C16) -> 25 | D17: =AVERAGE(D5:D16) -> 42 | E17: =(H17-B17)/B17 -> 0.12925358 | F17: =(I17-C17)/C17 -> 0.15979769 | G17: =(J17-D17)/D17 -> 0.12928997 | H17: =AVERAGE(H5:H16) -> 14.680297 | I17: =AVERAGE(I5:I16) -> 28.994942 | J17: =AVERAGE(J5:J16) -> 47.430179 | K17: =AVERAGE(K5:K6) -> 0.028731321 | L17: =AVERAGE(L5:L6) -> 0.043845085 | M17: =AVERAGE(M5:M6) -> 0.028731321

Sheet April 26
A1: Talabira II & III OCP | H1: Talabira II & III OCP
A2: OB Quantity and Lead for the month of April - 2026 | H2: OB Trip Factor revision for the month of April - 2026
C3: Trips | D3: Qty | E3: Lead | F3: Wt. Lead | H3: FMS Trip % | I3: FMS Qty % | J3: FMS TF | K3: Survey Qty % | L3: Survey TF | M3: Infalation %
A4: OB | B4: Small | C4: 1593 | D4: 20709 | E4: 2.04 | F4: =(D4*E4)/D4 -> 2.04 | H4: =C4/C7 -> 0.032913903 | I4: =D4/D7 -> 0.0154935 | J4: =D4/C4 -> 13 | K4: =I10*I4 -> 24872.431 | L4: =K4/C4 -> 15.613579 | M4: =(L4-J4)/J4 -> 0.20104452
B5: Medium | C5: 39734 | D5: 1018874 | E5: 2.03 | F5: =(D5*E5)/D5 -> 2.03 | H5: =C5/C7 -> 0.82096738 | I5: =D5/D7 -> 0.76227364 | J5: =D5/C5 -> 25.642372 | K5: =I10*I5 -> 1223713 | L5: =K5/C5 -> 30.79763 | M5: =(L5-J5)/J5 -> 0.20104452
B6: Big | C6: 7072 | D6: 297042 | E6: 2.41 | F6: =(D6*E6)/D6 -> 2.41 | H6: =C6/C7 -> 0.14611872 | I6: =D6/D7 -> 0.22223286 | J6: =D6/C6 -> 42.002545 | K6: =I10*I6 -> 356760.67 | L6: =K6/C6 -> 50.446927 | M6: =(L6-J6)/J6 -> 0.20104452
A7: Total | C7: =_xlfn.AGGREGATE(9,6,C4:C6) -> 48399 | D7: =_xlfn.AGGREGATE(9,6,D4:D6) -> 1336625 | E7: =AVERAGE(E4:E6) -> 2.16 | F7: =SUMPRODUCT(F4:F6,D4:D6/D7) -> 2.1146034 | H7: =SUM(H4:H6) -> 1 | I7: =SUM(I4:I6) -> 1 | J7: =I11/I12 -> 26.681659 | K7: =SUM(K4:K6) -> 1605346.1 | L7: =I10/I12 -> 27.681659 | M7: =(L7-J7)/J7 -> 0.03747893
C9: Trips | D9: Qty | E9: Lead | F9: Wt. Lead | H9: OB Quantity | K9: Make | L9: Model | M9: Tonnage | N9: Cum | O9: Size Defination
A10: OB | B10: Medium | C10: =SUM(C4:C5) -> 41327 | D10: =SUM(D4:D5) -> 1039583 | E10: =AVERAGE(E4:E5) -> 2.035 | F10: =SUMPRODUCT(D4:D5,F4:F5/D10) -> 2.0301992 | H10: Survey | I10: 1605346.1 | K10: Bharat Benz | L10: 3528CM | M10: 35 | N10: 13 | O10: Small
B11: Big | C11: =C6 -> 7072 | D11: =D6 -> 297042 | E11: =E6 -> 2.41 | F11: =(D11*E11)/D11 -> 2.41 | H11: FMS | I11: 1547353 | K11: Volvo | L11: FMX - 440 | M11: 27 | N11: 13 | O11: Small
A12: Total | C12: =_xlfn.AGGREGATE(9,6,C10:C11) -> 48399 | D12: =_xlfn.AGGREGATE(9,6,D10:D11) -> 1336625 | E12: =AVERAGE(E10:E11) -> 2.2225 | F12: =SUMPRODUCT(F10:F11,D10:D11/D12) -> 2.1146034 | H12: FMS Trips | I12: =I10-I11 -> 57993.134 | K12: Sany | L12: SKT90s | M12: 60 | N12: 25 | O12: Medium
H13: Diff | I13: =I10-I11 -> 57993.134 | K13: Sany | L13: SKT105s | M13: 70 | N13: 28 | O13: Medium
H14: Diff % | I14: =(I10-I11)/I11 -> 0.03747893 | K14: Komatsu | L14: HD - 785-7 | M14: 100 | N14: 42 | O14: Big
C15: Trips | D15: Qty | E15: Lead | F15: Wt. Lead
A16: Coal | B16: Small | C16: 29139 | D16: 1051545 | E16: 2.14 | F16: =(D16*E16)/D16 -> 2.14
B17: Medium | C17: 205 | D17: 11215 | E17: 2.22 | F17: =(D17*E17)/D17 -> 2.22 | H17: Note :-
A18: Total | C18: =_xlfn.AGGREGATE(9,6,C16:C17) -> 29344 | D18: =_xlfn.AGGREGATE(9,6,D16:D17) -> 1062760 | E18: =AVERAGE(E16:E17) -> 2.18 | F18: =SUMPRODUCT(F16:F17,D16:D17/D18) -> 2.1408442 | G18: 1 | H18: Survey and FMS OB trip and Volume considration date 1st April 2026 to 27th April 2026
G19: 2 | H19: Dumpswitch connection work completed on 23rd April 2026, which is crucial for trip closure and quantity logging.

Sheet May 26
A1: Talabira II & III OCP | H1: Talabira II & III OCP
A2: OB Quantity and Lead for the month of May - 2026 | H2: OB Trip Factor Revision for the month of May - 2026
C3: Trips | D3: Qty | E3: Lead | F3: Wt. Lead | H3: FMS Trip % | I3: FMS Qty % | J3: FMS TF | K3: Survey Qty % | L3: Survey TF | M3: Infalation %
A4: OB | B4: Small | C4: 828 | D4: 10764 | E4: 1.16 | F4: =(D4*E4)/D4 -> 1.16 | H4: =C4/C7 -> 0.015665796 | I4: =D4/D7 -> 0.0070407841 | J4: =D4/C4 -> 13 | K4: =I10*I4 -> 11382.528 | L4: =K4/C4 -> 13.747014 | M4: =(L4-J4)/J4 -> 0.057462642
B5: Medium | C5: 40960 | D5: 1053271 | E5: 1.81 | F5: =(D5*E5)/D5 -> 1.81 | H5: =C5/C7 -> 0.774965 | I5: =D5/D7 -> 0.68894962 | J5: =D5/C5 -> 25.714624 | K5: =I10*I5 -> 1113794.7 | L5: =K5/C5 -> 27.192254 | M5: =(L5-J5)/J5 -> 0.057462642
B6: Big | C6: 11066 | D6: 464772 | E6: 1.35 | F6: =(D6*E6)/D6 -> 1.35 | H6: =C6/C7 -> 0.20936921 | I6: =D6/D7 -> 0.3040096 | J6: =D6/C6 -> 42 | K6: =I10*I6 -> 491479.03 | L6: =K6/C6 -> 44.413431 | M6: =(L6-J6)/J6 -> 0.057462642
A7: Total | C7: =_xlfn.AGGREGATE(9,6,C4:C6) -> 52854 | D7: =_xlfn.AGGREGATE(9,6,D4:D6) -> 1528807 | E7: =AVERAGE(E4:E6) -> 1.44 | F7: =SUMPRODUCT(F4:F6,D4:D6/D7) -> 1.6655791 | H7: =SUM(H4:H6) -> 1 | I7: =SUM(I4:I6) -> 1 | J7: =I11/I12 -> 28.925096 | K7: =SUM(K4:K6) -> 1616656.3 | L7: =I10/I12 -> 30.587208 | M7: =(L7-J7)/J7 -> 0.057462642
C9: Trips | D9: Qty | E9: Lead | F9: Wt. Lead | H9: OB Quantity | K9: Make | L9: Model | M9: Tonnage | N9: Cum | O9: Size Defination | P9: HEMM Qty
A10: OB | B10: Medium | C10: =SUM(C4:C5) -> 41788 | D10: =SUM(D4:D5) -> 1064035 | E10: =AVERAGE(E4:E5) -> 1.485 | F10: =SUMPRODUCT(D4:D5,F4:F5/D10) -> 1.8034245 | H10: Survey | I10: 1616656.3 | K10: Bharat Benz | L10: 3528CM | M10: 35 | N10: 13 | O10: Small | P10: 54
B11: Big | C11: =C6 -> 11066 | D11: =D6 -> 464772 | E11: =E6 -> 1.35 | F11: =(D11*E11)/D11 -> 1.35 | H11: FMS | I11: 1528807 | K11: Volvo | L11: FMX - 440 | M11: 27 | N11: 13 | O11: Small | P11: 13
A12: Total | C12: =_xludf.AGGREGATE(9,6,C10:C11) -> #NAME? | D12: =_xludf.AGGREGATE(9,6,D10:D11) -> #NAME? | E12: =AVERAGE(E10:E11) -> 1.4175 | F12: =SUMPRODUCT(F10:F11,D10:D11/D12) -> #NAME? | H12: FMS Trips | I12: 52854 | K12: Sany | L12: SKT90s | M12: 60 | N12: 25 | O12: Medium | P12: 56
H13: Diff | I13: =I10-I11 -> 87849.29 | K13: Sany | L13: SKT105s | M13: 70 | N13: 28 | O13: Medium | P13: 11
H14: Diff % | I14: =(I10-I11)/I10 -> 0.054340116 | K14: Komatsu | L14: HD - 785-7 | M14: 100 | N14: 42 | O14: Big | P14: 10
C15: Trips | D15: Qty | E15: Lead | F15: Wt. Lead
A16: Coal | B16: Small | C16: 29636 | D16: 1102289 | E16: 2.01 | F16: =(D16*E16)/D16 -> 2.01
B17: Medium | C17: 4525 | D17: 198900 | E17: 2.1 | F17: =(D17*E17)/D17 -> 2.1 | H17: Note :-
A18: Total | C18: =_xludf.AGGREGATE(9,6,C16:C17) -> #NAME? | D18: =_xludf.AGGREGATE(9,6,D16:D17) -> #NAME? | E18: =AVERAGE(E16:E17) -> 2.055 | F18: =SUMPRODUCT(F16:F17,D16:D17/D18) -> #NAME? | H18: Survey and FMS OB trip and Volume considration date 28th April 2026 to 25th May 2026
