Workbook

Sheet Raw Data
A1: RAW FMS DATA – APRIL 2025 | TALABIRA MINE | Adani Natural Resources
A2: Sr No | B2: Equipment Type | C2: Equipment ID | D2: Shift Hours | E2: Availabilty Hours | F2: Equipment Operation Hours | G2: Equipment Operation HMR | H2: Equipment Break Down Hours | I2: Equipment Break Down HMR | J2: Equipment Idle Hours | K2: Equipment Idle HMR | L2: Total Productive HMR | M2: Total Un-Productive HMR | N2: Total HMR | O2: Availibity % | P2: Utilization % | Q2: ROM Trip (Production) | R2: ROM Tones (Production) | S2: ROM Avg. | T2: OB Trip (Production) | U2: OB CUM (Production) | V2: TF | W2: Diesel Consumption | X2: Per Hour | Y2: Per Productive Hour (System With Load) | Z2: Per Productive Hour (System Without Load) | AA2: Per Trip | AB2: Per Ton/m3 | AC2: Equip Group | AD2: Status | AE2: Row Type
A3: 1 | B3: Tipper | C3: V-235 | D3: 720 | E3: 0.0597 | F3: 0.0597 | G3: 0.0597 | H3: 719.9403 | I3: 0 | J3: 0 | K3: 51.5781 | L3: 0.0597 | M3: 51.5781 | N3: 51.6378 | O3: 8.29167e-05 | P3: 1 | Q3: 0 | R3: 0 | S3: 0 | T3: 0 | U3: =T3*V3 -> 0 | V3: 13 | W3: 0 | X3: 0 | Y3: 0 | Z3: 0 | AA3: 0 | AB3: 0 | AC3: =IF(OR(TRIM(B3)="Tipper",TRIM(B3)="Volvo",TRIM(B3)="Bharatbenz"),"Tipper",IF(OR(TRIM(B3)="Dumper",TRIM(B3)="Sany",TRIM(B3)="Komatsu"),"Dumper",IF(TRIM(B3)="Excavator","Excavator",IF(OR(TRIM(B3)="Front End Loader",TRIM(B3)="Fel"),"Front End Loader",IF(OR(TRIM(B3)="Surface Miner",TRIM(B3)="Csm"),"Surface Miner",IF(TRIM(B3)="Diesel Bowser","Diesel Bowser","Other")))))) -> Tipper | AD3: =IF(E3=0,"Non-Operational","Operational") -> Operational | AE3: =IF(OR(C3=54,C3=67,C3=10,C3=16,C3=6,C3=12,C3=28),"Aggregate","Individual") -> Individual
A4: 2 | B4: Tipper | C4: V-236 | D4: 720 | E4: 0 | F4: 0 | G4: 0 | H4: 720 | I4: 0 | J4: 0 | K4: 0 | L4: 0 | M4: 0 | N4: 0 | O4: 0 | P4: 0 | Q4: 0 | R4: 0 | S4: 0 | T4: 0 | U4: =T4*V4 -> 0 | V4: 13 | W4: 0 | X4: 0 | Y4: 0 | Z4: 0 | AA4: 0 | AB4: 0 | AC4: =IF(OR(TRIM(B4)="Tipper",TRIM(B4)="Volvo",TRIM(B4)="Bharatbenz"),"Tipper",IF(OR(TRIM(B4)="Dumper",TRIM(B4)="Sany",TRIM(B4)="Komatsu"),"Dumper",IF(TRIM(B4)="Excavator","Excavator",IF(OR(TRIM(B4)="Front End Loader",TRIM(B4)="Fel"),"Front End Loader",IF(OR(TRIM(B4)="Surface Miner",TRIM(B4)="Csm"),"Surface Miner",IF(TRIM(B4)="Diesel Bowser","Diesel Bowser","Other")))))) -> Tipper | AD4: =IF(E4=0,"Non-Operational","Operational") -> Non-Operational | AE4: =IF(OR(C4=54,C4=67,C4=10,C4=16,C4=6,C4=12,C4=28),"Aggregate","Individual") -> Individual
A5: 3 | B5: Tipper | C5: V-238 | D5: 712.9178 | E5: 151.592 | F5: 72.0888 | G5: 71.1759 | H5: 561.3258 | I5: 8.8303 | J5: 79.5032 | K5: 19.7745 | L5: 71.1759 | M5: 28.6048 | N5: 99.7807 | O5: 0.21263602 | P5: 0.4695228 | Q5: 34 | R5: 777.36 | S5: 22.863529 | T5: 17 | U5: =T5*V5 -> 221 | V5: 13 | W5: 834.44 | X5: 8.3627395 | Y5: 595.22551 | Z5: 239.21449 | AA5: 16.361569 | AB5: 0.83581073 | AC5: =IF(OR(TRIM(B5)="Tipper",TRIM(B5)="Volvo",TRIM(B5)="Bharatbenz"),"Tipper",IF(OR(TRIM(B5)="Dumper",TRIM(B5)="Sany",TRIM(B5)="Komatsu"),"Dumper",IF(TRIM(B5)="Excavator","Excavator",IF(OR(TRIM(B5)="Front End Loader",TRIM(B5)="Fel"),"Front End Loader",IF(OR(TRIM(B5)="Surface Miner",TRIM(B5)="Csm"),"Surface Miner",IF(TRIM(B5)="Diesel Bowser","Diesel Bowser","Other")))))) -> Tipper | AD5: =IF(E5=0,"Non-Operational","Operational") -> Operational | AE5: =IF(OR(C5=54,C5=67,C5=10,C5=16,C5=6,C5=12,C5=28),"Aggregate","Individual") -> Individual
A6: 4 | B6: Tipper | C6: V-246 | D6: 720 | E6: 0 | F6: 0 | G6: 0 | H6: 720 | I6: 0 | J6: 0 | K6: 0 | L6: 0 | M6: 0 | N6: 0 | O6: 0 | P6: 0 | Q6: 0 | R6: 0 | S6: 0 | T6: 0 | U6: =T6*V6 -> 0 | V6: 13 | W6: 0 | X6: 0 | Y6: 0 | Z6: 0 | AA6: 0 | AB6: 0 | AC6: =IF(OR(TRIM(B6)="Tipper",TRIM(B6)="Volvo",TRIM(B6)="Bharatbenz"),"Tipper",IF(OR(TRIM(B6)="Dumper",TRIM(B6)="Sany",TRIM(B6)="Komatsu"),"Dumper",IF(TRIM(B6)="Excavator","Excavator",IF(OR(TRIM(B6)="Front End Loader",TRIM(B6)="Fel"),"Front End Loader",IF(OR(TRIM(B6)="Surface Miner",TRIM(B6)="Csm"),"Surface Miner",IF(TRIM(B6)="Diesel Bowser","Diesel Bowser","Other")))))) -> Tipper | AD6: =IF(E6=0,"Non-Operational","Operational") -> Non-Operational | AE6: =IF(OR(C6=54,C6=67,C6=10,C6=16,C6=6,C6=12,C6=28),"Aggregate","Individual") -> Individual
A7: 5 | B7: Tipper | C7: V-260 | D7: 720.0003 | E7: 26.4897 | F7: 6.1477 | G7: 5.2485 | H7: 693.5106 | I7: 3.7032 | J7: 20.342 | K7: 9.2225 | L7: 5.2485 | M7: 12.9257 | N7: 18.1742 | O7: 0.036791235 | P7: 0.19813361 | Q7: 0 | R7: 0 | S7: 0 | T7: 1 | U7: =T7*V7 -> 13 | V7: 13 | W7: 386.84 | X7: 21.285118 | Y7: 111.71494 | Z7: 275.12506 | AA7: 0 | AB7: 0 | AC7: =IF(OR(TRIM(B7)="Tipper",TRIM(B7)="Volvo",TRIM(B7)="Bharatbenz"),"Tipper",IF(OR(TRIM(B7)="Dumper",TRIM(B7)="Sany",TRIM(B7)="Komatsu"),"Dumper",IF(TRIM(B7)="Excavator","Excavator",IF(OR(TRIM(B7)="Front End Loader",TRIM(B7)="Fel"),"Front End Loader",IF(OR(TRIM(B7)="Surface Miner",TRIM(B7)="Csm"),"Surface Miner",IF(TRIM(B7)="Diesel Bowser","Diesel Bowser","Other")))))) -> Tipper | AD7: =IF(E7=0,"Non-Operational","Operational") -> Operational | AE7: =IF(OR(C7=54,C7=67,C7=10,C7=16,C7=6,C7=12,C7=28),"Aggregate","Individual") -> Individual
A8: 6 | B8: Tipper | C8: V-263 | D8: 720 | E8: 115.5897 | F8: 22.691 | G8: 21.2176 | H8: 604.4103 | I8: 2.7918 | J8: 92.8987 | K8: 0.3882 | L8: 21.2176 | M8: 3.18 | N8: 24.3976 | O8: 0.16054125 | P8: 0.18355961 | Q8: 8 | R8: 193.28 | S8: 24.16 | T8: 1 | U8: =T8*V8 -> 13 | V8: 13 | W8: 280.39 | X8: 11.492524 | Y8: 243.84377 | Z8: 36.546226 | AA8: 31.154444 | AB8: 1.359269 | AC8: =IF(OR(TRIM(B8)="Tipper",TRIM(B8)="Volvo",TRIM(B8)="Bharatbenz"),"Tipper",IF(OR(TRIM(B8)="Dumper",TRIM(B8)="Sany",TRIM(B8)="Komatsu"),"Dumper",IF(TRIM(B8)="Excavator","Excavator",IF(OR(TRIM(B8)="Front End Loader",TRIM(B8)="Fel"),"Front End Loader",IF(OR(TRIM(B8)="Surface Miner",TRIM(B8)="Csm"),"Surface Miner",IF(TRIM(B8)="Diesel Bowser","Diesel Bowser","Other")))))) -> Tipper | AD8: =IF(E8=0,"Non-Operational","Operational") -> Operational | AE8: =IF(OR(C8=54,C8=67,C8=10,C8=16,C8=6,C8=12,C8=28),"Aggregate","Individual") -> Individual
A9: 7 | B9: Tipper | C9: V-266 | D9: 720 | E9: 0 | F9: 0 | G9: 0 | H9: 720 | I9: 0 | J9: 0 | K9: 0 | L9: 0 | M9: 0 | N9: 0 | O9: 0 | P9: 0 | Q9: 0 | R9: 0 | S9: 0 | T9: 0 | U9: =T9*V9 -> 0 | V9: 13 | W9: 0 | X9: 0 | Y9: 0 | Z9: 0 | AA9: 0 | AB9: 0 | AC9: =IF(OR(TRIM(B9)="Tipper",TRIM(B9)="Volvo",TRIM(B9)="Bharatbenz"),"Tipper",IF(OR(TRIM(B9)="Dumper",TRIM(B9)="Sany",TRIM(B9)="Komatsu"),"Dumper",IF(TRIM(B9)="Excavator","Excavator",IF(OR(TRIM(B9)="Front End Loader",TRIM(B9)="Fel"),"Front End Loader",IF(OR(TRIM(B9)="Surface Miner",TRIM(B9)="Csm"),"Surface Miner",IF(TRIM(B9)="Diesel Bowser","Diesel Bowser","Other")))))) -> Tipper | AD9: =IF(E9=0,"Non-Operational","Operational") -> Non-Operational | AE9: =IF(OR(C9=54,C9=67,C9=10,C9=16,C9=6,C9=12,C9=28),"Aggregate","Individual") -> Individual
A10: 8 | B10: Tipper | C10: V-267 | D10: 719.9997 | E10: 260.4761 | F10: 12.0065 | G10: 11.0087 | H10: 459.5236 | I10: 5.5453 | J10: 248.4696 | K10: 9.7536 | L10: 11.0087 | M10: 15.2989 | N10: 26.3076 | O10: 0.36177251 | P10: 0.042263762 | Q10: 0 | R10: 0 | S10: 0 | T10: 2 | U10: =T10*V10 -> 26 | V10: 13 | W10: 418.51 | X10: 15.908331 | Y10: 175.13004 | Z10: 243.37996 | AA10: 0 | AB10: 0 | AC10: =IF(OR(TRIM(B10)="Tipper",TRIM(B10)="Volvo",TRIM(B10)="Bharatbenz"),"Tipper",IF(OR(TRIM(B10)="Dumper",TRIM(B10)="Sany",TRIM(B10)="Komatsu"),"Dumper",IF(TRIM(B10)="Excavator","Excavator",IF(OR(TRIM(B10)="Front End Loader",TRIM(B10)="Fel"),"Front End Loader",IF(OR(TRIM(B10)="Surface Miner",TRIM(B10)="Csm"),"Surface Miner",IF(TRIM(B10)="Diesel Bowser","Diesel Bowser","Other")))))) -> Tipper | AD10: =IF(E10=0,"Non-Operational","Operational") -> Operational | AE10: =IF(OR(C10=54,C10=67,C10=10,C10=16,C10=6,C10=12,C10=28),"Aggregate","Individual") -> Individual
A11: 9 | B11: Tipper | C11: V-273 | D11: 712.672 | E11: 406.49 | F11: 289.602 | G11: 64.5774 | H11: 306.182 | I11: 5.8293 | J11: 116.888 | K11: 3.2562 | L11: 64.5774 | M11: 9.0855 | N11: 73.6629 | O11: 0.57037459 | P11: 0.1588659 | Q11: 38 | R11: 891.32 | S11: 23.455789 | T11: 36 | U11: =T11*V11 -> 468 | V11: 13 | W11: 739.99 | X11: 10.045627 | Y11: 648.72046 | Z11: 91.269542 | AA11: 9.9998649 | AB11: 0.54438249 | AC11: =IF(OR(TRIM(B11)="Tipper",TRIM(B11)="Volvo",TRIM(B11)="Bharatbenz"),"Tipper",IF(OR(TRIM(B11)="Dumper",TRIM(B11)="Sany",TRIM(B11)="Komatsu"),"Dumper",IF(TRIM(B11)="Excavator","Excavator",IF(OR(TRIM(B11)="Front End Loader",TRIM(B11)="Fel"),"Front End Loader",IF(OR(TRIM(B11)="Surface Miner",TRIM(B11)="Csm"),"Surface Miner",IF(TRIM(B11)="Diesel Bowser","Diesel Bowser","Other")))))) -> Tipper | AD11: =IF(E11=0,"Non-Operational","Operational") -> Operational | AE11: =IF(OR(C11=54,C11=67,C11=10,C11=16,C11=6,C11=12,C11=28),"Aggregate","Individual") -> Individual
A12: 10 | B12: Tipper | C12: V-274 | D12: 720.0001 | E12: 0.0306 | F12: 0.0306 | G12: 0.0293 | H12: 719.9695 | I12: 0 | J12: 0 | K12: 4.6001 | L12: 0.0293 | M12: 4.6001 | N12: 4.6294 | O12: 4.25e-05 | P12: 0.95751634 | Q12: 0 | R12: 0 | S12: 0 | T12: 0 | U12: =T12*V12 -> 0 | V12: 13 | W12: 0 | X12: 0 | Y12: 0 | Z12: 0 | AA12: 0 | AB12: 0 | AC12: =IF(OR(TRIM(B12)="Tipper",TRIM(B12)="Volvo",TRIM(B12)="Bharatbenz"),"Tipper",IF(OR(TRIM(B12)="Dumper",TRIM(B12)="Sany",TRIM(B12)="Komatsu"),"Dumper",IF(TRIM(B12)="Excavator","Excavator",IF(OR(TRIM(B12)="Front End Loader",TRIM(B12)="Fel"),"Front End Loader",IF(OR(TRIM(B12)="Surface Miner",TRIM(B12)="Csm"),"Surface Miner",IF(TRIM(B12)="Diesel Bowser","Diesel Bowser","Other")))))) -> Tipper | AD12: =IF(E12=0,"Non-Operational","Operational") -> Operational | AE12: =IF(OR(C12=54,C12=67,C12=10,C12=16,C12=6,C12=12,C12=28),"Aggregate","Individual") -> Individual
A13: 11 | B13: Tipper | C13: V-275 | D13: 720.0001 | E13: 0.1572 | F13: 0.1572 | G13: 0.1549 | H13: 719.8429 | I13: 0 | J13: 0 | K13: 12.2297 | L13: 0.1549 | M13: 12.2297 | N13: 12.3846 | O13: 0.0002183333 | P13: 0.98536896 | Q13: 0 | R13: 0 | S13: 0 | T13: 0 | U13: =T13*V13 -> 0 | V13: 13 | W13: 0 | X13: 0 | Y13: 0 | Z13: 0 | AA13: 0 | AB13: 0 | AC13: =IF(OR(TRIM(B13)="Tipper",TRIM(B13)="Volvo",TRIM(B13)="Bharatbenz"),"Tipper",IF(OR(TRIM(B13)="Dumper",TRIM(B13)="Sany",TRIM(B13)="Komatsu"),"Dumper",IF(TRIM(B13)="Excavator","Excavator",IF(OR(TRIM(B13)="Front End Loader",TRIM(B13)="Fel"),"Front End Loader",IF(OR(TRIM(B13)="Surface Miner",TRIM(B13)="Csm"),"Surface Miner",IF(TRIM(B13)="Diesel Bowser","Diesel Bowser","Other")))))) -> Tipper | AD13: =IF(E13=0,"Non-Operational","Operational") -> Operational | AE13: =IF(OR(C13=54,C13=67,C13=10,C13=16,C13=6,C13=12,C13=28),"Aggregate","Individual") -> Individual
A14: 12 | B14: Tipper | C14: V-283 | D14: 719.9999 | E14: 0.0347 | F14: 0.0347 | G14: 0.0333 | H14: 719.9652 | I14: 0 | J14: 0 | K14: 0.1167 | L14: 0.0333 | M14: 0.1167 | N14: 0.15 | O14: 4.81945e-05 | P14: 0.95965418 | Q14: 0 | R14: 0 | S14: 0 | T14: 0 | U14: =T14*V14 -> 0 | V14: 13 | W14: 0 | X14: 0 | Y14: 0 | Z14: 0 | AA14: 0 | AB14: 0 | AC14: =IF(OR(TRIM(B14)="Tipper",TRIM(B14)="Volvo",TRIM(B14)="Bharatbenz"),"Tipper",IF(OR(TRIM(B14)="Dumper",TRIM(B14)="Sany",TRIM(B14)="Komatsu"),"Dumper",IF(TRIM(B14)="Excavator","Excavator",IF(OR(TRIM(B14)="Front End Loader",TRIM(B14)="Fel"),"Front End Loader",IF(OR(TRIM(B14)="Surface Miner",TRIM(B14)="Csm"),"Surface Miner",IF(TRIM(B14)="Diesel Bowser","Diesel Bowser","Other")))))) -> Tipper | AD14: =IF(E14=0,"Non-Operational","Operational") -> Operational | AE14: =IF(OR(C14=54,C14=67,C14=10,C14=16,C14=6,C14=12,C14=28),"Aggregate","Individual") -> Individual
A15: 1 | B15: Volvo | C15: 12 | D15: 718.79916 | E15: 80.076642 | F15: 33.568183 | G15: 14.458775 | H15: 638.72252 | I15: 2.2249917 | J15: 46.508458 | K15: 9.2433 | L15: 14.458775 | M15: 11.468292 | N15: 25.927067 | O15: 0.11140336 | P15: 0.18056171 | Q15: 80 | R15: 1861.96 | S15: 23.2745 | T15: 57 | U15: =T15*V15 -> 741 | V15: 13 | W15: 532.034 | X15: 13.418868 | Y15: 354.92695 | Z15: 177.10705 | AA15: 19.171959 | AB15: 0.91315406 | AC15: =IF(OR(TRIM(B15)="Tipper",TRIM(B15)="Volvo",TRIM(B15)="Bharatbenz"),"Tipper",IF(OR(TRIM(B15)="Dumper",TRIM(B15)="Sany",TRIM(B15)="Komatsu"),"Dumper",IF(TRIM(B15)="Excavator","Excavator",IF(OR(TRIM(B15)="Front End Loader",TRIM(B15)="Fel"),"Front End Loader",IF(OR(TRIM(B15)="Surface Miner",TRIM(B15)="Csm"),"Surface Miner",IF(TRIM(B15)="Diesel Bowser","Diesel Bowser","Other")))))) -> Tipper | AD15: =IF(E15=0,"Non-Operational","Operational") -> Operational | AE15: =IF(OR(C15=54,C15=67,C15=10,C15=16,C15=6,C15=12,C15=28),"Aggregate","Individual") -> Aggregate
A16: 1 | B16: Tipper | C16: BB-358 | D16: 720.0006 | E16: 654.5274 | F16: 204.9314 | G16: 202.041 | H16: 65.4732 | I16: 11.0411 | J16: 449.596 | K16: 8.1412 | L16: 202.041 | M16: 19.1823 | N16: 221.2233 | O16: 0.90906508 | P16: 0.30868226 | Q16: 646 | R16: 24054.75 | S16: 37.236455 | T16: 13 | U16: =T16*V16 -> 169 | V16: 13 | W16: 4668.05 | X16: 21.101078 | Y16: 4263.2828 | Z16: 404.7672 | AA16: 7.0835357 | AB16: 0.19270551 | AC16: =IF(OR(TRIM(B16)="Tipper",TRIM(B16)="Volvo",TRIM(B16)="Bharatbenz"),"Tipper",IF(OR(TRIM(B16)="Dumper",TRIM(B16)="Sany",TRIM(B16)="Komatsu"),"Dumper",IF(TRIM(B16)="Excavator","Excavator",IF(OR(TRIM(B16)="Front End Loader",TRIM(B16)="Fel"),"Front End Loader",IF(OR(TRIM(B16)="Surface Miner",TRIM(B16)="Csm"),"Surface Miner",IF(TRIM(B16)="Diesel Bowser","Diesel Bowser","Other")))))) -> Tipper | AD16: =IF(E16=0,"Non-Operational","Operational") -> Operational | AE16: =IF(OR(C16=54,C16=67,C16=10,C16=16,C16=6,C16=12,C16=28),"Aggregate","Individual") -> Individual
A17: 2 | B17: Tipper | C17: BB-396 | D17: 720 | E17: 720 | F17: 720 | G17: 0 | H17: 0 | I17: 0 | J17: 0 | K17: 0 | L17: 0 | M17: 0 | N17: 0 | O17: 1 | P17: 0 | Q17: 0 | R17: 0 | S17: 0 | T17: 0 | U17: =T17*V17 -> 0 | V17: 13 | W17: 40.62 | X17: 0 | Y17: 0 | Z17: 0 | AA17: 0 | AB17: 0 | AC17: =IF(OR(TRIM(B17)="Tipper",TRIM(B17)="Volvo",TRIM(B17)="Bharatbenz"),"Tipper",IF(OR(TRIM(B17)="Dumper",TRIM(B17)="Sany",TRIM(B17)="Komatsu"),"Dumper",IF(TRIM(B17)="Excavator","Excavator",IF(OR(TRIM(B17)="Front End Loader",TRIM(B17)="Fel"),"Front End Loader",IF(OR(TRIM(B17)="Surface Miner",TRIM(B17)="Csm"),"Surface Miner",IF(TRIM(B17)="Diesel Bowser","Diesel Bowser","Other")))))) -> Tipper | AD17: =IF(E17=0,"Non-Operational","Operational") -> Operational | AE17: =IF(OR(C17=54,C17=67,C17=10,C17=16,C17=6,C17=12,C17=28),"Aggregate","Individual") -> Individual
A18: 3 | B18: Tipper | C18: BB-397 | D18: 720.0002 | E18: 451.475 | F18: 80.972 | G18: 80.0758 | H18: 268.5252 | I18: 2.1516 | J18: 370.503 | K18: 1.6821 | L18: 80.0758 | M18: 3.8337 | N18: 83.9095 | O18: 0.62704844 | P18: 0.17736486 | Q18: 271 | R18: 9895.45 | S18: 36.514576 | T18: 9 | U18: =T18*V18 -> 117 | V18: 13 | W18: 1881.11 | X18: 22.41832 | Y18: 1795.1649 | Z18: 85.945112 | AA18: 6.71825 | AB18: 0.18787709 | AC18: =IF(OR(TRIM(B18)="Tipper",TRIM(B18)="Volvo",TRIM(B18)="Bharatbenz"),"Tipper",IF(OR(TRIM(B18)="Dumper",TRIM(B18)="Sany",TRIM(B18)="Komatsu"),"Dumper",IF(TRIM(B18)="Excavator","Excavator",IF(OR(TRIM(B18)="Front End Loader",TRIM(B18)="Fel"),"Front End Loader",IF(OR(TRIM(B18)="Surface Miner",TRIM(B18)="Csm"),"Surface Miner",IF(TRIM(B18)="Diesel Bowser","Diesel Bowser","Other")))))) -> Tipper | AD18: =IF(E18=0,"Non-Operational","Operational") -> Operational | AE18: =IF(OR(C18=54,C18=67,C18=10,C18=16,C18=6,C18=12,C18=28),"Aggregate","Individual") -> Individual
A19: 4 | B19: Tipper | C19: BB-398 | D19: 720.0013 | E19: 650.6226 | F19: 293.9854 | G19: 291.2517 | H19: 69.3787 | I19: 12.4835 | J19: 356.6372 | K19: 4.3856 | L19: 291.2517 | M19: 16.8691 | N19: 308.1208 | O19: 0.90364087 | P19: 0.44765076 | Q19: 645 | R19: 23629.83 | S19: 36.635395 | T19: 16 | U19: =T19*V19 -> 208 | V19: 13 | W19: 4732.44 | X19: 15.359041 | Y19: 4473.3468 | Z19: 259.0932 | AA19: 7.1595159 | AB19: 0.19852646 | AC19: =IF(OR(TRIM(B19)="Tipper",TRIM(B19)="Volvo",TRIM(B19)="Bharatbenz"),"Tipper",IF(OR(TRIM(B19)="Dumper",TRIM(B19)="Sany",TRIM(B19)="Komatsu"),"Dumper",IF(TRIM(B19)="Excavator","Excavator",IF(OR(TRIM(B19)="Front End Loader",TRIM(B19)="Fel"),"Front End Loader",IF(OR(TRIM(B19)="Surface Miner",TRIM(B19)="Csm"),"Surface Miner",IF(TRIM(B19)="Diesel Bowser","Diesel Bowser","Other")))))) -> Tipper | AD19: =IF(E19=0,"Non-Operational","Operational") -> Operational | AE19: =IF(OR(C19=54,C19=67,C19=10,C19=16,C19=6,C19=12,C19=28),"Aggregate","Individual") -> Individual
A20: 5 | B20: Tipper | C20: BB-399 | D20: 720 | E20: 0 | F20: 0 | G20: 0 | H20: 720 | I20: 0 | J20: 0 | K20: 0 | L20: 0 | M20: 0 | N20: 0 | O20: 0 | P20: 0 | Q20: 0 | R20: 0 | S20: 0 | T20: 0 | U20: =T20*V20 -> 0 | V20: 13 | W20: 0 | X20: 0 | Y20: 0 | Z20: 0 | AA20: 0 | AB20: 0 | AC20: =IF(OR(TRIM(B20)="Tipper",TRIM(B20)="Volvo",TRIM(B20)="Bharatbenz"),"Tipper",IF(OR(TRIM(B20)="Dumper",TRIM(B20)="Sany",TRIM(B20)="Komatsu"),"Dumper",IF(TRIM(B20)="Excavator","Excavator",IF(OR(TRIM(B20)="Front End Loader",TRIM(B20)="Fel"),"Front End Loader",IF(OR(TRIM(B20)="Surface Miner",TRIM(B20)="Csm"),"Surface Miner",IF(TRIM(B20)="Diesel Bowser","Diesel Bowser","Other")))))) -> Tipper | AD20: =IF(E20=0,"Non-Operational","Operational") -> Non-Operational | AE20: =IF(OR(C20=54,C20=67,C20=10,C20=16,C20=6,C20=12,C20=28),"Aggregate","Individual") -> Individual
A21: 6 | B21: Tipper | C21: BB-400 | D21: 720.0029 | E21: 521.6522 | F21: 223.344 | G21: 222.0431 | H21: 198.3507 | I21: 5.605 | J21: 298.3082 | K21: 0.6612 | L21: 222.0431 | M21: 6.2662 | N21: 228.3093 | O21: 0.72451403 | P21: 0.42565353 | Q21: 465 | R21: 16923.51 | S21: 36.394645 | T21: 14 | U21: =T21*V21 -> 182 | V21: 13 | W21: 3173.74 | X21: 13.901054 | Y21: 3086.6332 | Z21: 87.106787 | AA21: 6.625762 | AB21: 0.18553905 | AC21: =IF(OR(TRIM(B21)="Tipper",TRIM(B21)="Volvo",TRIM(B21)="Bharatbenz"),"Tipper",IF(OR(TRIM(B21)="Dumper",TRIM(B21)="Sany",TRIM(B21)="Komatsu"),"Dumper",IF(TRIM(B21)="Excavator","Excavator",IF(OR(TRIM(B21)="Front End Loader",TRIM(B21)="Fel"),"Front End Loader",IF(OR(TRIM(B21)="Surface Miner",TRIM(B21)="Csm"),"Surface Miner",IF(TRIM(B21)="Diesel Bowser","Diesel Bowser","Other")))))) -> Tipper | AD21: =IF(E21=0,"Non-Operational","Operational") -> Operational | AE21: =IF(OR(C21=54,C21=67,C21=10,C21=16,C21=6,C21=12,C21=28),"Aggregate","Individual") -> Individual
A22: 7 | B22: Tipper | C22: BB-401 | D22: 720.0014 | E22: 150.8831 | F22: 83.8367 | G22: 81.3734 | H22: 569.1183 | I22: 1.1792 | J22: 67.0464 | K22: 1.7364 | L22: 81.3734 | M22: 2.9156 | N22: 84.289 | O22: 0.20955945 | P22: 0.53931421 | Q22: 151 | R22: 5633.1 | S22: 37.305298 | T22: 1 | U22: =T22*V22 -> 13 | V22: 13 | W22: 998.02 | X22: 11.840454 | Y22: 963.49797 | Z22: 34.522027 | AA22: 6.5659211 | AB22: 0.17676272 | AC22: =IF(OR(TRIM(B22)="Tipper",TRIM(B22)="Volvo",TRIM(B22)="Bharatbenz"),"Tipper",IF(OR(TRIM(B22)="Dumper",TRIM(B22)="Sany",TRIM(B22)="Komatsu"),"Dumper",IF(TRIM(B22)="Excavator","Excavator",IF(OR(TRIM(B22)="Front End Loader",TRIM(B22)="Fel"),"Front End Loader",IF(OR(TRIM(B22)="Surface Miner",TRIM(B22)="Csm"),"Surface Miner",IF(TRIM(B22)="Diesel Bowser","Diesel Bowser","Other")))))) -> Tipper | AD22: =IF(E22=0,"Non-Operational","Operational") -> Operational | AE22: =IF(OR(C22=54,C22=67,C22=10,C22=16,C22=6,C22=12,C22=28),"Aggregate","Individual") -> Individual
A23: 8 | B23: Tipper | C23: BB-402 | D23: 720.0005 | E23: 611.9036 | F23: 342.7396 | G23: 337.5977 | H23: 108.0969 | I23: 7.1208 | J23: 269.164 | K23: 3.1264 | L23: 337.5977 | M23: 10.2472 | N23: 347.8449 | O23: 0.84986552 | P23: 0.55171713 | Q23: 679 | R23: 24977.95 | S23: 36.786377 | T23: 17 | U23: =T23*V23 -> 221 | V23: 13 | W23: 4428.51 | X23: 12.731278 | Y23: 4298.0501 | Z23: 130.45995 | AA23: 6.3628017 | AB23: 0.17574185 | AC23: =IF(OR(TRIM(B23)="Tipper",TRIM(B23)="Volvo",TRIM(B23)="Bharatbenz"),"Tipper",IF(OR(TRIM(B23)="Dumper",TRIM(B23)="Sany",TRIM(B23)="Komatsu"),"Dumper",IF(TRIM(B23)="Excavator","Excavator",IF(OR(TRIM(B23)="Front End Loader",TRIM(B23)="Fel"),"Front End Loader",IF(OR(TRIM(B23)="Surface Miner",TRIM(B23)="Csm"),"Surface Miner",IF(TRIM(B23)="Diesel Bowser","Diesel Bowser","Other")))))) -> Tipper | AD23: =IF(E23=0,"Non-Operational","Operational") -> Operational | AE23: =IF(OR(C23=54,C23=67,C23=10,C23=16,C23=6,C23=12,C23=28),"Aggregate","Individual") -> Individual
A24: 9 | B24: Tipper | C24: BB-404 | D24: 719.9999 | E24: 52.528 | F24: 10.5343 | G24: 8.5302 | H24: 667.4719 | I24: 1.0713 | J24: 41.9937 | K24: 0.4264 | L24: 8.5302 | M24: 1.4977 | N24: 10.0279 | O24: 0.072955566 | P24: 0.16239339 | Q24: 1 | R24: 35.28 | S24: 35.28 | T24: 4 | U24: =T24*V24 -> 52 | V24: 13 | W24: 180.95 | X24: 18.044655 | Y24: 153.92452 | Z24: 27.02548 | AA24: 36.19 | AB24: 2.0732126 | AC24: =IF(OR(TRIM(B24)="Tipper",TRIM(B24)="Volvo",TRIM(B24)="Bharatbenz"),"Tipper",IF(OR(TRIM(B24)="Dumper",TRIM(B24)="Sany",TRIM(B24)="Komatsu"),"Dumper",IF(TRIM(B24)="Excavator","Excavator",IF(OR(TRIM(B24)="Front End Loader",TRIM(B24)="Fel"),"Front End Loader",IF(OR(TRIM(B24)="Surface Miner",TRIM(B24)="Csm"),"Surface Miner",IF(TRIM(B24)="Diesel Bowser","Diesel Bowser","Other")))))) -> Tipper | AD24: =IF(E24=0,"Non-Operational","Operational") -> Operational | AE24: =IF(OR(C24=54,C24=67,C24=10,C24=16,C24=6,C24=12,C24=28),"Aggregate","Individual") -> Individual
A25: 10 | B25: Tipper | C25: BB-407 | D25: 720.0011 | E25: 501.6495 | F25: 205.4507 | G25: 202.5171 | H25: 218.3516 | I25: 6.8215 | J25: 296.1988 | K25: 14.2458 | L25: 202.5171 | M25: 21.0673 | N25: 223.5844 | O25: 0.69673435 | P25: 0.40370239 | Q25: 438 | R25: 15854.01 | S25: 36.19637 | T25: 12 | U25: =T25*V25 -> 156 | V25: 13 | W25: 3339.07 | X25: 14.934271 | Y25: 3024.4452 | Z25: 314.62477 | AA25: 7.4201556 | AB25: 0.20856139 | AC25: =IF(OR(TRIM(B25)="Tipper",TRIM(B25)="Volvo",TRIM(B25)="Bharatbenz"),"Tipper",IF(OR(TRIM(B25)="Dumper",TRIM(B25)="Sany",TRIM(B25)="Komatsu"),"Dumper",IF(TRIM(B25)="Excavator","Excavator",IF(OR(TRIM(B25)="Front End Loader",TRIM(B25)="Fel"),"Front End Loader",IF(OR(TRIM(B25)="Surface Miner",TRIM(B25)="Csm"),"Surface Miner",IF(TRIM(B25)="Diesel Bowser","Diesel Bowser","Other")))))) -> Tipper | AD25: =IF(E25=0,"Non-Operational","Operational") -> Operational | AE25: =IF(OR(C25=54,C25=67,C25=10,C25=16,C25=6,C25=12,C25=28),"Aggregate","Individual") -> Individual
A26: 11 | B26: Tipper | C26: BB-410 | D26: 720.0011 | E26: 582.8098 | F26: 202.7991 | G26: 199.4988 | H26: 137.1913 | I26: 18.8576 | J26: 380.0107 | K26: 13.7533 | L26: 199.4988 | M26: 32.6109 | N26: 232.1097 | O26: 0.80945682 | P26: 0.34230516 | Q26: 167 | R26: 6181.65 | S26: 37.015868 | T26: 120 | U26: =T26*V26 -> 1560 | V26: 13 | W26: 2394.96 | X26: 10.318225 | Y26: 2058.4734 | Z26: 336.48659 | AA26: 8.3448084 | AB26: 0.30936041 | AC26: =IF(OR(TRIM(B26)="Tipper",TRIM(B26)="Volvo",TRIM(B26)="Bharatbenz"),"Tipper",IF(OR(TRIM(B26)="Dumper",TRIM(B26)="Sany",TRIM(B26)="Komatsu"),"Dumper",IF(TRIM(B26)="Excavator","Excavator",IF(OR(TRIM(B26)="Front End Loader",TRIM(B26)="Fel"),"Front End Loader",IF(OR(TRIM(B26)="Surface Miner",TRIM(B26)="Csm"),"Surface Miner",IF(TRIM(B26)="Diesel Bowser","Diesel Bowser","Other")))))) -> Tipper | AD26: =IF(E26=0,"Non-Operational","Operational") -> Operational | AE26: =IF(OR(C26=54,C26=67,C26=10,C26=16,C26=6,C26=12,C26=28),"Aggregate","Individual") -> Individual
A27: 12 | B27: Tipper | C27: BB-412 | D27: 720.0001 | E27: 1.1092 | F27: 1.1092 | G27: 1.0325 | H27: 718.8909 | I27: 0 | J27: 0 | K27: 4.3652 | L27: 1.0325 | M27: 4.3652 | N27: 5.3977 | O27: 0.0015405553 | P27: 0.93085106 | Q27: 1 | R27: 35.82 | S27: 35.82 | T27: 0 | U27: =T27*V27 -> 0 | V27: 13 | W27: 0 | X27: 0 | Y27: 0 | Z27: 0 | AA27: 0 | AB27: 0 | AC27: =IF(OR(TRIM(B27)="Tipper",TRIM(B27)="Volvo",TRIM(B27)="Bharatbenz"),"Tipper",IF(OR(TRIM(B27)="Dumper",TRIM(B27)="Sany",TRIM(B27)="Komatsu"),"Dumper",IF(TRIM(B27)="Excavator","Excavator",IF(OR(TRIM(B27)="Front End Loader",TRIM(B27)="Fel"),"Front End Loader",IF(OR(TRIM(B27)="Surface Miner",TRIM(B27)="Csm"),"Surface Miner",IF(TRIM(B27)="Diesel Bowser","Diesel Bowser","Other")))))) -> Tipper | AD27: =IF(E27=0,"Non-Operational","Operational") -> Operational | AE27: =IF(OR(C27=54,C27=67,C27=10,C27=16,C27=6,C27=12,C27=28),"Aggregate","Individual") -> Individual
... A69: 54 | B69: Tipper | C69: BB-594 | D69: 720.0017 | E69: 610.7623 | F69: 378.4787 | G69: 371.8242 | H69: 109.2394 | I69: 12.0654 | J69: 232.2836 | K69: 0.3014 | L69: 371.8242 | M69: 12.3668 | N69: 384.191 | O69: 0.84827897 | P69: 0.60878708 | Q69: 949 | R69: 33780.29 | S69: 35.595669 | T69: 11 | U69: =T69*V69 -> 143 | V69: 13 | W69: 5309.29 | X69: 13.819402 | Y69: 5138.3882 | Z69: 170.90178 | AA69: 5.5305104 | AB69: 0.1565087 | AC69: =IF(OR(TRIM(B69)="Tipper",TRIM(B69)="Volvo",TRIM(B69)="Bharatbenz"),"Tipper",IF(OR(TRIM(B69)="Dumper",TRIM(B69)="Sany",TRIM(B69)="Komatsu"),"Dumper",IF(TRIM(B69)="Excavator","Excavator",IF(OR(TRIM(B69)="Front End Loader",TRIM(B69)="Fel"),"Front End Loader",IF(OR(TRIM(B69)="Surface Miner",TRIM(B69)="Csm"),"Surface Miner",IF(TRIM(B69)="Diesel Bowser","Diesel Bowser","Other")))))) -> Tipper | AD69: =IF(E69=0,"Non-Operational","Operational") -> Operational | AE69: =IF(OR(C69=54,C69=67,C69=10,C69=16,C69=6,C69=12,C69=28),"Aggregate","Individual") -> Individual
A70: 2 | B70: Bharatbenz | C70: 54 | D70: 719.75317 | E70: 505.63915 | F70: 248.41587 | G70: 218.05491 | H70: 214.11402 | I70: 8.4906296 | J70: 257.22328 | K70: 6.0812056 | L70: 218.05491 | M70: 14.571835 | N70: 232.62675 | O70: 0.70251743 | P70: 0.43124611 | Q70: 27660 | R70: 1005442.3 | S70: 36.350048 | T70: 838 | U70: =T70*V70 -> 10894 | V70: 13 | W70: 3673.2206 | X70: 15.204809 | Y70: 3491.7476 | Z70: 227.94077 | AA70: 7.3371633 | AB70: 0.2307315 | AC70: =IF(OR(TRIM(B70)="Tipper",TRIM(B70)="Volvo",TRIM(B70)="Bharatbenz"),"Tipper",IF(OR(TRIM(B70)="Dumper",TRIM(B70)="Sany",TRIM(B70)="Komatsu"),"Dumper",IF(TRIM(B70)="Excavator","Excavator",IF(OR(TRIM(B70)="Front End Loader",TRIM(B70)="Fel"),"Front End Loader",IF(OR(TRIM(B70)="Surface Miner",TRIM(B70)="Csm"),"Surface Miner",IF(TRIM(B70)="Diesel Bowser","Diesel Bowser","Other")))))) -> Tipper | AD70: =IF(E70=0,"Non-Operational","Operational") -> Operational | AE70: =IF(OR(C70=54,C70=67,C70=10,C70=16,C70=6,C70=12,C70=28),"Aggregate","Individual") -> Aggregate
A71: 1 | B71: Dumper | C71: S-034 | D71: 719.9997 | E71: 229.5383 | F71: 117.0169 | G71: 111.5582 | H71: 490.4614 | I71: 6.685 | J71: 112.5214 | K71: 4.7652 | L71: 111.5582 | M71: 11.4502 | N71: 123.0084 | O71: 0.31880333 | P71: 0.48601127 | Q71: 0 | R71: 0 | S71: 0 | T71: 406 | U71: =T71*V71 -> 10150 | V71: 25 | W71: 4198.17 | X71: 34.129133 | Y71: 3807.3846 | Z71: 390.78539 | AA71: 0 | AB71: 0 | AC71: =IF(OR(TRIM(B71)="Tipper",TRIM(B71)="Volvo",TRIM(B71)="Bharatbenz"),"Tipper",IF(OR(TRIM(B71)="Dumper",TRIM(B71)="Sany",TRIM(B71)="Komatsu"),"Dumper",IF(TRIM(B71)="Excavator","Excavator",IF(OR(TRIM(B71)="Front End Loader",TRIM(B71)="Fel"),"Front End Loader",IF(OR(TRIM(B71)="Surface Miner",TRIM(B71)="Csm"),"Surface Miner",IF(TRIM(B71)="Diesel Bowser","Diesel Bowser","Other")))))) -> Dumper | AD71: =IF(E71=0,"Non-Operational","Operational") -> Operational | AE71: =IF(OR(C71=54,C71=67,C71=10,C71=16,C71=6,C71=12,C71=28),"Aggregate","Individual") -> Individual
A72: 2 | B72: Dumper | C72: S-035 | D72: 720.0007 | E72: 225.2231 | F72: 192.8653 | G72: 189.1024 | H72: 494.7776 | I72: 11.1626 | J72: 32.3578 | K72: 9.8414 | L72: 189.1024 | M72: 21.004 | N72: 210.1064 | O72: 0.31280956 | P72: 0.83962258 | Q72: 0 | R72: 0 | S72: 0 | T72: 387 | U72: =T72*V72 -> 9675 | V72: 25 | W72: 2711.14 | X72: 12.903653 | Y72: 2440.1117 | Z72: 271.02832 | AA72: 0 | AB72: 0 | AC72: =IF(OR(TRIM(B72)="Tipper",TRIM(B72)="Volvo",TRIM(B72)="Bharatbenz"),"Tipper",IF(OR(TRIM(B72)="Dumper",TRIM(B72)="Sany",TRIM(B72)="Komatsu"),"Dumper",IF(TRIM(B72)="Excavator","Excavator",IF(OR(TRIM(B72)="Front End Loader",TRIM(B72)="Fel"),"Front End Loader",IF(OR(TRIM(B72)="Surface Miner",TRIM(B72)="Csm"),"Surface Miner",IF(TRIM(B72)="Diesel Bowser","Diesel Bowser","Other")))))) -> Dumper | AD72: =IF(E72=0,"Non-Operational","Operational") -> Operational | AE72: =IF(OR(C72=54,C72=67,C72=10,C72=16,C72=6,C72=12,C72=28),"Aggregate","Individual") -> Individual
A73: 3 | B73: Dumper | C73: S-036 | D73: 720.0002 | E73: 409.1055 | F73: 348.534 | G73: 347.3511 | H73: 310.8947 | I73: 54.3023 | J73: 60.5715 | K73: 203.6836 | L73: 347.3511 | M73: 257.9859 | N73: 605.337 | O73: 0.56820193 | P73: 0.84905018 | Q73: 0 | R73: 0 | S73: 0 | T73: 566 | U73: =T73*V73 -> 14150 | V73: 25 | W73: 5375.5 | X73: 8.8801775 | Y73: 3084.5394 | Z73: 2290.9606 | AA73: 0 | AB73: 0 | AC73: =IF(OR(TRIM(B73)="Tipper",TRIM(B73)="Volvo",TRIM(B73)="Bharatbenz"),"Tipper",IF(OR(TRIM(B73)="Dumper",TRIM(B73)="Sany",TRIM(B73)="Komatsu"),"Dumper",IF(TRIM(B73)="Excavator","Excavator",IF(OR(TRIM(B73)="Front End Loader",TRIM(B73)="Fel"),"Front End Loader",IF(OR(TRIM(B73)="Surface Miner",TRIM(B73)="Csm"),"Surface Miner",IF(TRIM(B73)="Diesel Bowser","Diesel Bowser","Other")))))) -> Dumper | AD73: =IF(E73=0,"Non-Operational","Operational") -> Operational | AE73: =IF(OR(C73=54,C73=67,C73=10,C73=16,C73=6,C73=12,C73=28),"Aggregate","Individual") -> Individual
A74: 4 | B74: Dumper | C74: S-037 | D74: 719.9997 | E74: 441.6529 | F74: 373.9102 | G74: 368.4412 | H74: 278.3468 | I74: 29.2161 | J74: 67.7427 | K74: 16.2026 | L74: 368.4412 | M74: 45.4187 | N74: 413.8599 | O74: 0.61340706 | P74: 0.83423249 | Q74: 0 | R74: 0 | S74: 0 | T74: 633 | U74: =T74*V74 -> 15825 | V74: 25 | W74: 5889.54 | X74: 14.230758 | Y74: 5243.1975 | Z74: 646.34252 | AA74: 0 | AB74: 0 | AC74: =IF(OR(TRIM(B74)="Tipper",TRIM(B74)="Volvo",TRIM(B74)="Bharatbenz"),"Tipper",IF(OR(TRIM(B74)="Dumper",TRIM(B74)="Sany",TRIM(B74)="Komatsu"),"Dumper",IF(TRIM(B74)="Excavator","Excavator",IF(OR(TRIM(B74)="Front End Loader",TRIM(B74)="Fel"),"Front End Loader",IF(OR(TRIM(B74)="Surface Miner",TRIM(B74)="Csm"),"Surface Miner",IF(TRIM(B74)="Diesel Bowser","Diesel Bowser","Other")))))) -> Dumper | AD74: =IF(E74=0,"Non-Operational","Operational") -> Operational | AE74: =IF(OR(C74=54,C74=67,C74=10,C74=16,C74=6,C74=12,C74=28),"Aggregate","Individual") -> Individual
A75: 5 | B75: Dumper | C75: S-038 | D75: 720.0001 | E75: 361.4464 | F75: 313.6948 | G75: 310.49 | H75: 358.5537 | I75: 25.5788 | J75: 47.7516 | K75: 40.745 | L75: 310.49 | M75: 66.3238 | N75: 376.8138 | O75: 0.50200882 | P75: 0.85902087 | Q75: 0 | R75: 0 | S75: 0 | T75: 586 | U75: =T75*V75 -> 14650 | V75: 25 | W75: 4994.21 | X75: 13.253787 | Y75: 4115.1685 | Z75: 879.04155 | AA75: 0 | AB75: 0 | AC75: =IF(OR(TRIM(B75)="Tipper",TRIM(B75)="Volvo",TRIM(B75)="Bharatbenz"),"Tipper",IF(OR(TRIM(B75)="Dumper",TRIM(B75)="Sany",TRIM(B75)="Komatsu"),"Dumper",IF(TRIM(B75)="Excavator","Excavator",IF(OR(TRIM(B75)="Front End Loader",TRIM(B75)="Fel"),"Front End Loader",IF(OR(TRIM(B75)="Surface Miner",TRIM(B75)="Csm"),"Surface Miner",IF(TRIM(B75)="Diesel Bowser","Diesel Bowser","Other")))))) -> Dumper | AD75: =IF(E75=0,"Non-Operational","Operational") -> Operational | AE75: =IF(OR(C75=54,C75=67,C75=10,C75=16,C75=6,C75=12,C75=28),"Aggregate","Individual") -> Individual
A76: 6 | B76: Dumper | C76: S-039 | D76: 719.9997 | E76: 427.2625 | F76: 368.9284 | G76: 366.4175 | H76: 292.7372 | I76: 43.6117 | J76: 58.3341 | K76: 27.2088 | L76: 366.4175 | M76: 70.8205 | N76: 437.238 | O76: 0.59342039 | P76: 0.8575934 | Q76: 13 | R76: 529.7 | S76: 40.746154 | T76: 685 | U76: =T76*V76 -> 17125 | V76: 25 | W76: 5923.09 | X76: 13.546604 | Y76: 4963.7127 | Z76: 959.37726 | AA76: 8.4858023 | AB76: 0.62779845 | AC76: =IF(OR(TRIM(B76)="Tipper",TRIM(B76)="Volvo",TRIM(B76)="Bharatbenz"),"Tipper",IF(OR(TRIM(B76)="Dumper",TRIM(B76)="Sany",TRIM(B76)="Komatsu"),"Dumper",IF(TRIM(B76)="Excavator","Excavator",IF(OR(TRIM(B76)="Front End Loader",TRIM(B76)="Fel"),"Front End Loader",IF(OR(TRIM(B76)="Surface Miner",TRIM(B76)="Csm"),"Surface Miner",IF(TRIM(B76)="Diesel Bowser","Diesel Bowser","Other")))))) -> Dumper | AD76: =IF(E76=0,"Non-Operational","Operational") -> Operational | AE76: =IF(OR(C76=54,C76=67,C76=10,C76=16,C76=6,C76=12,C76=28),"Aggregate","Individual") -> Individual
A77: 7 | B77: Dumper | C77: S-041 | D77: 720.0001 | E77: 248.2374 | F77: 214.7977 | G77: 210.4824 | H77: 471.7627 | I77: 8.5946 | J77: 33.4397 | K77: 2.4945 | L77: 210.4824 | M77: 11.0891 | N77: 221.5715 | O77: 0.34477412 | P77: 0.84790769 | Q77: 0 | R77: 0 | S77: 0 | T77: 745 | U77: =T77*V77 -> 18625 | V77: 25 | W77: 6712.86 | X77: 30.296586 | Y77: 6376.8981 | Z77: 335.96187 | AA77: 0 | AB77: 0 | AC77: =IF(OR(TRIM(B77)="Tipper",TRIM(B77)="Volvo",TRIM(B77)="Bharatbenz"),"Tipper",IF(OR(TRIM(B77)="Dumper",TRIM(B77)="Sany",TRIM(B77)="Komatsu"),"Dumper",IF(TRIM(B77)="Excavator","Excavator",IF(OR(TRIM(B77)="Front End Loader",TRIM(B77)="Fel"),"Front End Loader",IF(OR(TRIM(B77)="Surface Miner",TRIM(B77)="Csm"),"Surface Miner",IF(TRIM(B77)="Diesel Bowser","Diesel Bowser","Other")))))) -> Dumper | AD77: =IF(E77=0,"Non-Operational","Operational") -> Operational | AE77: =IF(OR(C77=54,C77=67,C77=10,C77=16,C77=6,C77=12,C77=28),"Aggregate","Individual") -> Individual
A78: 8 | B78: Dumper | C78: S-042 | D78: 719.9988 | E78: 496.0294 | F78: 433.7134 | G78: 427.5354 | H78: 223.9694 | I78: 23.2179 | J78: 62.316 | K78: 14.1645 | L78: 427.5354 | M78: 37.3824 | N78: 464.9178 | O78: 0.68893087 | P78: 0.86191544 | Q78: 0 | R78: 0 | S78: 0 | T78: 865 | U78: =T78*V78 -> 21625 | V78: 25 | W78: 6827.27 | X78: 14.684897 | Y78: 6278.3133 | Z78: 548.95669 | AA78: 0 | AB78: 0 | AC78: =IF(OR(TRIM(B78)="Tipper",TRIM(B78)="Volvo",TRIM(B78)="Bharatbenz"),"Tipper",IF(OR(TRIM(B78)="Dumper",TRIM(B78)="Sany",TRIM(B78)="Komatsu"),"Dumper",IF(TRIM(B78)="Excavator","Excavator",IF(OR(TRIM(B78)="Front End Loader",TRIM(B78)="Fel"),"Front End Loader",IF(OR(TRIM(B78)="Surface Miner",TRIM(B78)="Csm"),"Surface Miner",IF(TRIM(B78)="Diesel Bowser","Diesel Bowser","Other")))))) -> Dumper | AD78: =IF(E78=0,"Non-Operational","Operational") -> Operational | AE78: =IF(OR(C78=54,C78=67,C78=10,C78=16,C78=6,C78=12,C78=28),"Aggregate","Individual") -> Individual
A79: 9 | B79: Dumper | C79: S-043 | D79: 719.9999 | E79: 578.2461 | F79: 512.4886 | G79: 502.4779 | H79: 141.7538 | I79: 27.6905 | J79: 65.7575 | K79: 4.8203 | L79: 502.4779 | M79: 32.5108 | N79: 534.9887 | O79: 0.80311969 | P79: 0.86896894 | Q79: 0 | R79: 0 | S79: 0 | T79: 1001 | U79: =T79*V79 -> 25025 | V79: 25 | W79: 7625.29 | X79: 14.25318 | Y79: 7161.9077 | Z79: 463.38227 | AA79: 0 | AB79: 0 | AC79: =IF(OR(TRIM(B79)="Tipper",TRIM(B79)="Volvo",TRIM(B79)="Bharatbenz"),"Tipper",IF(OR(TRIM(B79)="Dumper",TRIM(B79)="Sany",TRIM(B79)="Komatsu"),"Dumper",IF(TRIM(B79)="Excavator","Excavator",IF(OR(TRIM(B79)="Front End Loader",TRIM(B79)="Fel"),"Front End Loader",IF(OR(TRIM(B79)="Surface Miner",TRIM(B79)="Csm"),"Surface Miner",IF(TRIM(B79)="Diesel Bowser","Diesel Bowser","Other")))))) -> Dumper | AD79: =IF(E79=0,"Non-Operational","Operational") -> Operational | AE79: =IF(OR(C79=54,C79=67,C79=10,C79=16,C79=6,C79=12,C79=28),"Aggregate","Individual") -> Individual
A80: 10 | B80: Dumper | C80: S-045 | D80: 719.9995 | E80: 420.6018 | F80: 354.308 | G80: 350.4056 | H80: 299.3977 | I80: 46.9235 | J80: 66.2938 | K80: 46.65 | L80: 350.4056 | M80: 93.5735 | N80: 443.9791 | O80: 0.58416957 | P80: 0.83310533 | Q80: 0 | R80: 0 | S80: 0 | T80: 608 | U80: =T80*V80 -> 15200 | V80: 25 | W80: 5500.76 | X80: 12.389682 | Y80: 4341.4141 | Z80: 1159.3459 | AA80: 0 | AB80: 0 | AC80: =IF(OR(TRIM(B80)="Tipper",TRIM(B80)="Volvo",TRIM(B80)="Bharatbenz"),"Tipper",IF(OR(TRIM(B80)="Dumper",TRIM(B80)="Sany",TRIM(B80)="Komatsu"),"Dumper",IF(TRIM(B80)="Excavator","Excavator",IF(OR(TRIM(B80)="Front End Loader",TRIM(B80)="Fel"),"Front End Loader",IF(OR(TRIM(B80)="Surface Miner",TRIM(B80)="Csm"),"Surface Miner",IF(TRIM(B80)="Diesel Bowser","Diesel Bowser","Other")))))) -> Dumper | AD80: =IF(E80=0,"Non-Operational","Operational") -> Operational | AE80: =IF(OR(C80=54,C80=67,C80=10,C80=16,C80=6,C80=12,C80=28),"Aggregate","Individual") -> Individual
A81: 11 | B81: Dumper | C81: S-046 | D81: 719.9999 | E81: 4.5402 | F81: 3.3616 | G81: 3.2211 | H81: 715.4597 | I81: 0.0513 | J81: 1.1786 | K81: 0.0403 | L81: 3.2211 | M81: 0.0916 | N81: 3.3127 | O81: 0.0063058342 | P81: 0.70946214 | Q81: 0 | R81: 0 | S81: 0 | T81: 14 | U81: =T81*V81 -> 350 | V81: 25 | W81: 223.66 | X81: 67.515924 | Y81: 217.47554 | Z81: 6.1844586 | AA81: 0 | AB81: 0 | AC81: =IF(OR(TRIM(B81)="Tipper",TRIM(B81)="Volvo",TRIM(B81)="Bharatbenz"),"Tipper",IF(OR(TRIM(B81)="Dumper",TRIM(B81)="Sany",TRIM(B81)="Komatsu"),"Dumper",IF(TRIM(B81)="Excavator","Excavator",IF(OR(TRIM(B81)="Front End Loader",TRIM(B81)="Fel"),"Front End Loader",IF(OR(TRIM(B81)="Surface Miner",TRIM(B81)="Csm"),"Surface Miner",IF(TRIM(B81)="Diesel Bowser","Diesel Bowser","Other")))))) -> Dumper | AD81: =IF(E81=0,"Non-Operational","Operational") -> Operational | AE81: =IF(OR(C81=54,C81=67,C81=10,C81=16,C81=6,C81=12,C81=28),"Aggregate","Individual") -> Individual
A82: 12 | B82: Dumper | C82: S-047 | D82: 720.0002 | E82: 71.5012 | F82: 65.4986 | G82: 64.664 | H82: 648.499 | I82: 1.8137 | J82: 6.0026 | K82: 0.6472 | L82: 64.664 | M82: 2.4609 | N82: 67.1249 | O82: 0.099307195 | P82: 0.90437643 | Q82: 0 | R82: 0 | S82: 0 | T82: 105 | U82: =T82*V82 -> 2625 | V82: 25 | W82: 1332.39 | X82: 19.849415 | Y82: 1283.5426 | Z82: 48.847425 | AA82: 0 | AB82: 0 | AC82: =IF(OR(TRIM(B82)="Tipper",TRIM(B82)="Volvo",TRIM(B82)="Bharatbenz"),"Tipper",IF(OR(TRIM(B82)="Dumper",TRIM(B82)="Sany",TRIM(B82)="Komatsu"),"Dumper",IF(TRIM(B82)="Excavator","Excavator",IF(OR(TRIM(B82)="Front End Loader",TRIM(B82)="Fel"),"Front End Loader",IF(OR(TRIM(B82)="Surface Miner",TRIM(B82)="Csm"),"Surface Miner",IF(TRIM(B82)="Diesel Bowser","Diesel Bowser","Other")))))) -> Dumper | AD82: =IF(E82=0,"Non-Operational","Operational") -> Operational | AE82: =IF(OR(C82=54,C82=67,C82=10,C82=16,C82=6,C82=12,C82=28),"Aggregate","Individual") -> Individual
... A137: 67 | B137: Dumper | C137: S-405 | D137: 720.0012 | E137: 650.2439 | F137: 291.187 | G137: 288.8115 | H137: 69.7573 | I137: 22.65 | J137: 359.0569 | K137: 26.9636 | L137: 288.8115 | M137: 49.6136 | N137: 338.4251 | O137: 0.90311502 | P137: 0.44415872 | Q137: 0 | R137: 0 | S137: 0 | T137: 0 | U137: =T137*V137 -> 0 | V137: 28 | W137: 6762.5 | X137: 19.982265 | Y137: 5771.1079 | Z137: 991.3921 | AA137: 0 | AB137: 0 | AC137: =IF(OR(TRIM(B137)="Tipper",TRIM(B137)="Volvo",TRIM(B137)="Bharatbenz"),"Tipper",IF(OR(TRIM(B137)="Dumper",TRIM(B137)="Sany",TRIM(B137)="Komatsu"),"Dumper",IF(TRIM(B137)="Excavator","Excavator",IF(OR(TRIM(B137)="Front End Loader",TRIM(B137)="Fel"),"Front End Loader",IF(OR(TRIM(B137)="Surface Miner",TRIM(B137)="Csm"),"Surface Miner",IF(TRIM(B137)="Diesel Bowser","Diesel Bowser","Other")))))) -> Dumper | AD137: =IF(E137=0,"Non-Operational","Operational") -> Operational | AE137: =IF(OR(C137=54,C137=67,C137=10,C137=16,C137=6,C137=12,C137=28),"Aggregate","Individual") -> Individual
A138: 3 | B138: Sany | C138: 67 | D138: 719.94723 | E138: 426.49057 | F138: 366.10291 | G138: 358.59388 | H138: 293.45666 | I138: 23.124369 | J138: 60.387657 | K138: 15.712485 | L138: 358.59388 | M138: 38.836854 | N138: 397.43073 | O138: 0.59239143 | P138: 0.84080142 | Q138: 51 | R138: 1935.3 | S138: 37.947059 | T138: 44446 | U138: =T138*V138 -> 1244488 | V138: 28 | W138: 6312.9145 | X138: 16.858704 | Y138: 5722.6122 | Z138: 590.30223 | AA138: 9.2927069 | AB138: 0.69019953 | AC138: =IF(OR(TRIM(B138)="Tipper",TRIM(B138)="Volvo",TRIM(B138)="Bharatbenz"),"Tipper",IF(OR(TRIM(B138)="Dumper",TRIM(B138)="Sany",TRIM(B138)="Komatsu"),"Dumper",IF(TRIM(B138)="Excavator","Excavator",IF(OR(TRIM(B138)="Front End Loader",TRIM(B138)="Fel"),"Front End Loader",IF(OR(TRIM(B138)="Surface Miner",TRIM(B138)="Csm"),"Surface Miner",IF(TRIM(B138)="Diesel Bowser","Diesel Bowser","Other")))))) -> Dumper | AD138: =IF(E138=0,"Non-Operational","Operational") -> Operational | AE138: =IF(OR(C138=54,C138=67,C138=10,C138=16,C138=6,C138=12,C138=28),"Aggregate","Individual") -> Aggregate
A139: 1 | B139: Dumper | C139: K-001 | D139: 719.9999 | E139: 497.8753 | F139: 439.303 | G139: 433.4393 | H139: 222.1246 | I139: 16.4552 | J139: 58.5723 | K139: 6.16 | L139: 433.4393 | M139: 22.6152 | N139: 456.0545 | O139: 0.69149357 | P139: 0.87057803 | Q139: 0 | R139: 0 | S139: 0 | T139: 1011 | U139: =T139*V139 -> 42462 | V139: 42 | W139: 20016.89 | X139: 43.891443 | Y139: 19024.276 | Z139: 992.61376 | AA139: 19.7991 | AB139: 1.5230077 | AC139: =IF(OR(TRIM(B139)="Tipper",TRIM(B139)="Volvo",TRIM(B139)="Bharatbenz"),"Tipper",IF(OR(TRIM(B139)="Dumper",TRIM(B139)="Sany",TRIM(B139)="Komatsu"),"Dumper",IF(TRIM(B139)="Excavator","Excavator",IF(OR(TRIM(B139)="Front End Loader",TRIM(B139)="Fel"),"Front End Loader",IF(OR(TRIM(B139)="Surface Miner",TRIM(B139)="Csm"),"Surface Miner",IF(TRIM(B139)="Diesel Bowser","Diesel Bowser","Other")))))) -> Dumper | AD139: =IF(E139=0,"Non-Operational","Operational") -> Operational | AE139: =IF(OR(C139=54,C139=67,C139=10,C139=16,C139=6,C139=12,C139=28),"Aggregate","Individual") -> Individual
A140: 2 | B140: Dumper | C140: K-002 | D140: 720.0002 | E140: 635.912 | F140: 560.6633 | G140: 554.1671 | H140: 84.0882 | I140: 14.8916 | J140: 75.2487 | K140: 9.9979 | L140: 554.1671 | M140: 24.8895 | N140: 579.0566 | O140: 0.88321087 | P140: 0.8714525 | Q140: 0 | R140: 0 | S140: 0 | T140: 1432 | U140: =T140*V140 -> 60144 | V140: 42 | W140: 25352.61 | X140: 43.782611 | Y140: 24262.883 | Z140: 1089.7273 | AA140: 17.704337 | AB140: 1.361872 | AC140: =IF(OR(TRIM(B140)="Tipper",TRIM(B140)="Volvo",TRIM(B140)="Bharatbenz"),"Tipper",IF(OR(TRIM(B140)="Dumper",TRIM(B140)="Sany",TRIM(B140)="Komatsu"),"Dumper",IF(TRIM(B140)="Excavator","Excavator",IF(OR(TRIM(B140)="Front End Loader",TRIM(B140)="Fel"),"Front End Loader",IF(OR(TRIM(B140)="Surface Miner",TRIM(B140)="Csm"),"Surface Miner",IF(TRIM(B140)="Diesel Bowser","Diesel Bowser","Other")))))) -> Dumper | AD140: =IF(E140=0,"Non-Operational","Operational") -> Operational | AE140: =IF(OR(C140=54,C140=67,C140=10,C140=16,C140=6,C140=12,C140=28),"Aggregate","Individual") -> Individual
A141: 3 | B141: Dumper | C141: K-003 | D141: 719.9999 | E141: 578.6909 | F141: 508.5112 | G141: 501.2474 | H141: 141.309 | I141: 16.4852 | J141: 70.1797 | K141: 5.2498 | L141: 501.2474 | M141: 21.735 | N141: 522.9824 | O141: 0.80373747 | P141: 0.86617467 | Q141: 0 | R141: 0 | S141: 0 | T141: 1291 | U141: =T141*V141 -> 54222 | V141: 42 | W141: 22108.11 | X141: 42.273143 | Y141: 21189.303 | Z141: 918.80677 | AA141: 17.124795 | AB141: 1.3172919 | AC141: =IF(OR(TRIM(B141)="Tipper",TRIM(B141)="Volvo",TRIM(B141)="Bharatbenz"),"Tipper",IF(OR(TRIM(B141)="Dumper",TRIM(B141)="Sany",TRIM(B141)="Komatsu"),"Dumper",IF(TRIM(B141)="Excavator","Excavator",IF(OR(TRIM(B141)="Front End Loader",TRIM(B141)="Fel"),"Front End Loader",IF(OR(TRIM(B141)="Surface Miner",TRIM(B141)="Csm"),"Surface Miner",IF(TRIM(B141)="Diesel Bowser","Diesel Bowser","Other")))))) -> Dumper | AD141: =IF(E141=0,"Non-Operational","Operational") -> Operational | AE141: =IF(OR(C141=54,C141=67,C141=10,C141=16,C141=6,C141=12,C141=28),"Aggregate","Individual") -> Individual
A142: 4 | B142: Dumper | C142: K-004 | D142: 720.0003 | E142: 654.6692 | F142: 81.7656 | G142: 81.3633 | H142: 65.3311 | I142: 2.2201 | J142: 572.9036 | K142: 2.108 | L142: 81.3633 | M142: 4.3281 | N142: 85.6914 | O142: 0.9092624 | P142: 0.12428155 | Q142: 0 | R142: 0 | S142: 0 | T142: 260 | U142: =T142*V142 -> 10920 | V142: 42 | W142: 3225.92 | X142: 37.645785 | Y142: 3062.9853 | Z142: 162.93472 | AA142: 12.407385 | AB142: 0.9544142 | AC142: =IF(OR(TRIM(B142)="Tipper",TRIM(B142)="Volvo",TRIM(B142)="Bharatbenz"),"Tipper",IF(OR(TRIM(B142)="Dumper",TRIM(B142)="Sany",TRIM(B142)="Komatsu"),"Dumper",IF(TRIM(B142)="Excavator","Excavator",IF(OR(TRIM(B142)="Front End Loader",TRIM(B142)="Fel"),"Front End Loader",IF(OR(TRIM(B142)="Surface Miner",TRIM(B142)="Csm"),"Surface Miner",IF(TRIM(B142)="Diesel Bowser","Diesel Bowser","Other")))))) -> Dumper | AD142: =IF(E142=0,"Non-Operational","Operational") -> Operational | AE142: =IF(OR(C142=54,C142=67,C142=10,C142=16,C142=6,C142=12,C142=28),"Aggregate","Individual") -> Individual
A143: 5 | B143: Dumper | C143: K-005 | D143: 720.0008 | E143: 438.7361 | F143: 391.7016 | G143: 388.2579 | H143: 281.2647 | I143: 11.5028 | J143: 47.0345 | K143: 1.014 | L143: 388.2579 | M143: 12.5168 | N143: 400.7747 | O143: 0.60935502 | P143: 0.88494633 | Q143: 0 | R143: 0 | S143: 0 | T143: 870 | U143: =T143*V143 -> 36540 | V143: 42 | W143: 18095.88 | X143: 45.152251 | Y143: 17530.718 | Z143: 565.1617 | AA143: 20.799862 | AB143: 1.5999894 | AC143: =IF(OR(TRIM(B143)="Tipper",TRIM(B143)="Volvo",TRIM(B143)="Bharatbenz"),"Tipper",IF(OR(TRIM(B143)="Dumper",TRIM(B143)="Sany",TRIM(B143)="Komatsu"),"Dumper",IF(TRIM(B143)="Excavator","Excavator",IF(OR(TRIM(B143)="Front End Loader",TRIM(B143)="Fel"),"Front End Loader",IF(OR(TRIM(B143)="Surface Miner",TRIM(B143)="Csm"),"Surface Miner",IF(TRIM(B143)="Diesel Bowser","Diesel Bowser","Other")))))) -> Dumper | AD143: =IF(E143=0,"Non-Operational","Operational") -> Operational | AE143: =IF(OR(C143=54,C143=67,C143=10,C143=16,C143=6,C143=12,C143=28),"Aggregate","Individual") -> Individual
A144: 6 | B144: Dumper | C144: K-006 | D144: 719.9998 | E144: 566.4437 | F144: 499.9225 | G144: 494.0288 | H144: 153.5561 | I144: 14.6336 | J144: 66.5212 | K144: 4.3768 | L144: 494.0288 | M144: 19.0104 | N144: 513.0392 | O144: 0.78672758 | P144: 0.8721587 | Q144: 0 | R144: 0 | S144: 0 | T144: 1197 | U144: =T144*V144 -> 50274 | V144: 42 | W144: 21594.39 | X144: 42.091111 | Y144: 20794.221 | Z144: 800.16886 | AA144: 18.040426 | AB144: 1.3877251 | AC144: =IF(OR(TRIM(B144)="Tipper",TRIM(B144)="Volvo",TRIM(B144)="Bharatbenz"),"Tipper",IF(OR(TRIM(B144)="Dumper",TRIM(B144)="Sany",TRIM(B144)="Komatsu"),"Dumper",IF(TRIM(B144)="Excavator","Excavator",IF(OR(TRIM(B144)="Front End Loader",TRIM(B144)="Fel"),"Front End Loader",IF(OR(TRIM(B144)="Surface Miner",TRIM(B144)="Csm"),"Surface Miner",IF(TRIM(B144)="Diesel Bowser","Diesel Bowser","Other")))))) -> Dumper | AD144: =IF(E144=0,"Non-Operational","Operational") -> Operational | AE144: =IF(OR(C144=54,C144=67,C144=10,C144=16,C144=6,C144=12,C144=28),"Aggregate","Individual") -> Individual
A145: 7 | B145: Dumper | C145: K-007 | D145: 719.9999 | E145: 0.7958 | F145: 0.0764 | G145: 0 | H145: 719.2041 | I145: 0 | J145: 0.7194 | K145: 0 | L145: 0 | M145: 0 | N145: 0 | O145: 0.0011052779 | P145: 0 | Q145: 0 | R145: 0 | S145: 0 | T145: 0 | U145: =T145*V145 -> 0 | V145: 42 | W145: 0 | X145: 0 | Y145: 0 | Z145: 0 | AA145: 0 | AB145: 0 | AC145: =IF(OR(TRIM(B145)="Tipper",TRIM(B145)="Volvo",TRIM(B145)="Bharatbenz"),"Tipper",IF(OR(TRIM(B145)="Dumper",TRIM(B145)="Sany",TRIM(B145)="Komatsu"),"Dumper",IF(TRIM(B145)="Excavator","Excavator",IF(OR(TRIM(B145)="Front End Loader",TRIM(B145)="Fel"),"Front End Loader",IF(OR(TRIM(B145)="Surface Miner",TRIM(B145)="Csm"),"Surface Miner",IF(TRIM(B145)="Diesel Bowser","Diesel Bowser","Other")))))) -> Dumper | AD145: =IF(E145=0,"Non-Operational","Operational") -> Operational | AE145: =IF(OR(C145=54,C145=67,C145=10,C145=16,C145=6,C145=12,C145=28),"Aggregate","Individual") -> Individual
A146: 8 | B146: Dumper | C146: K-008 | D146: 720 | E146: 476.3007 | F146: 419.8565 | G146: 413.6648 | H146: 243.6993 | I146: 11.2025 | J146: 56.4442 | K146: 2.0875 | L146: 413.6648 | M146: 13.29 | N146: 426.9548 | O146: 0.66152875 | P146: 0.86849505 | Q146: 0 | R146: 0 | S146: 0 | T146: 1006 | U146: =T146*V146 -> 42252 | V146: 42 | W146: 19943.53 | X146: 46.711104 | Y146: 19322.739 | Z146: 620.79057 | AA146: 19.824583 | AB146: 1.5249679 | AC146: =IF(OR(TRIM(B146)="Tipper",TRIM(B146)="Volvo",TRIM(B146)="Bharatbenz"),"Tipper",IF(OR(TRIM(B146)="Dumper",TRIM(B146)="Sany",TRIM(B146)="Komatsu"),"Dumper",IF(TRIM(B146)="Excavator","Excavator",IF(OR(TRIM(B146)="Front End Loader",TRIM(B146)="Fel"),"Front End Loader",IF(OR(TRIM(B146)="Surface Miner",TRIM(B146)="Csm"),"Surface Miner",IF(TRIM(B146)="Diesel Bowser","Diesel Bowser","Other")))))) -> Dumper | AD146: =IF(E146=0,"Non-Operational","Operational") -> Operational | AE146: =IF(OR(C146=54,C146=67,C146=10,C146=16,C146=6,C146=12,C146=28),"Aggregate","Individual") -> Individual
A147: 9 | B147: Dumper | C147: K-009 | D147: 719.9996 | E147: 328.0383 | F147: 282.9886 | G147: 277.0263 | H147: 391.9613 | I147: 6.4372 | J147: 45.0497 | K147: 2.0623 | L147: 277.0263 | M147: 8.4995 | N147: 285.5258 | O147: 0.455609 | P147: 0.84449377 | Q147: 0 | R147: 0 | S147: 0 | T147: 564 | U147: =T147*V147 -> 23688 | V147: 42 | W147: 13858.52 | X147: 48.53684 | Y147: 13445.981 | Z147: 412.53887 | AA147: 24.571844 | AB147: 1.8901418 | AC147: =IF(OR(TRIM(B147)="Tipper",TRIM(B147)="Volvo",TRIM(B147)="Bharatbenz"),"Tipper",IF(OR(TRIM(B147)="Dumper",TRIM(B147)="Sany",TRIM(B147)="Komatsu"),"Dumper",IF(TRIM(B147)="Excavator","Excavator",IF(OR(TRIM(B147)="Front End Loader",TRIM(B147)="Fel"),"Front End Loader",IF(OR(TRIM(B147)="Surface Miner",TRIM(B147)="Csm"),"Surface Miner",IF(TRIM(B147)="Diesel Bowser","Diesel Bowser","Other")))))) -> Dumper | AD147: =IF(E147=0,"Non-Operational","Operational") -> Operational | AE147: =IF(OR(C147=54,C147=67,C147=10,C147=16,C147=6,C147=12,C147=28),"Aggregate","Individual") -> Individual
A148: 10 | B148: Dumper | C148: K-010 | D148: 719.9999 | E148: 128.981 | F148: 116.0335 | G148: 113.2545 | H148: 591.0189 | I148: 2.6259 | J148: 12.9475 | K148: 0.418 | L148: 113.2545 | M148: 3.0439 | N148: 116.2984 | O148: 0.1791403 | P148: 0.87807119 | Q148: 0 | R148: 0 | S148: 0 | T148: 240 | U148: =T148*V148 -> 10080 | V148: 42 | W148: 7150.54 | X148: 61.484423 | Y148: 6963.3876 | Z148: 187.15243 | AA148: 29.793917 | AB148: 2.2918397 | AC148: =IF(OR(TRIM(B148)="Tipper",TRIM(B148)="Volvo",TRIM(B148)="Bharatbenz"),"Tipper",IF(OR(TRIM(B148)="Dumper",TRIM(B148)="Sany",TRIM(B148)="Komatsu"),"Dumper",IF(TRIM(B148)="Excavator","Excavator",IF(OR(TRIM(B148)="Front End Loader",TRIM(B148)="Fel"),"Front End Loader",IF(OR(TRIM(B148)="Surface Miner",TRIM(B148)="Csm"),"Surface Miner",IF(TRIM(B148)="Diesel Bowser","Diesel Bowser","Other")))))) -> Dumper | AD148: =IF(E148=0,"Non-Operational","Operational") -> Operational | AE148: =IF(OR(C148=54,C148=67,C148=10,C148=16,C148=6,C148=12,C148=28),"Aggregate","Individual") -> Individual
A149: 4 | B149: Komatsu | C149: 10 | D149: 720.00003 | E149: 430.6443 | F149: 330.08222 | G149: 325.64494 | H149: 289.35573 | I149: 9.64541 | J149: 100.56208 | K149: 3.34743 | L149: 325.64494 | M149: 12.99284 | N149: 338.63778 | O149: 0.59811706 | P149: 0.75618077 | Q149: 0 | R149: 0 | S149: 0 | T149: 7871 | U149: =T149*V149 -> 330582 | V149: 42 | W149: 16816.266 | X149: 45.729857 | Y149: 16177.388 | Z149: 638.87722 | AA149: 20.007361 | AB149: 1.5390278 | AC149: =IF(OR(TRIM(B149)="Tipper",TRIM(B149)="Volvo",TRIM(B149)="Bharatbenz"),"Tipper",IF(OR(TRIM(B149)="Dumper",TRIM(B149)="Sany",TRIM(B149)="Komatsu"),"Dumper",IF(TRIM(B149)="Excavator","Excavator",IF(OR(TRIM(B149)="Front End Loader",TRIM(B149)="Fel"),"Front End Loader",IF(OR(TRIM(B149)="Surface Miner",TRIM(B149)="Csm"),"Surface Miner",IF(TRIM(B149)="Diesel Bowser","Diesel Bowser","Other")))))) -> Dumper | AD149: =IF(E149=0,"Non-Operational","Operational") -> Operational | AE149: =IF(OR(C149=54,C149=67,C149=10,C149=16,C149=6,C149=12,C149=28),"Aggregate","Individual") -> Aggregate
A150: 1 | B150: Front End Loader | C150: L-001 | D150: 712.4393 | E150: 13.6684 | F150: 9.1537 | G150: 8.4826 | H150: 698.7709 | I150: 3.3964 | J150: 4.5147 | K150: 14.4537 | L150: 8.4826 | M150: 17.8501 | N150: 26.3327 | O150: 0.019185354 | P150: 0.62059934 | Q150: 0 | R150: 0 | S150: 0 | T150: 0 | U150: =T150*V150 -> 0 | V150: 0 | W150: 124.41 | X150: 4.724544 | Y150: 40.076417 | Z150: 84.333583 | AA150: 0 | AB150: 0 | AC150: =IF(OR(TRIM(B150)="Tipper",TRIM(B150)="Volvo",TRIM(B150)="Bharatbenz"),"Tipper",IF(OR(TRIM(B150)="Dumper",TRIM(B150)="Sany",TRIM(B150)="Komatsu"),"Dumper",IF(TRIM(B150)="Excavator","Excavator",IF(OR(TRIM(B150)="Front End Loader",TRIM(B150)="Fel"),"Front End Loader",IF(OR(TRIM(B150)="Surface Miner",TRIM(B150)="Csm"),"Surface Miner",IF(TRIM(B150)="Diesel Bowser","Diesel Bowser","Other")))))) -> Front End Loader | AD150: =IF(E150=0,"Non-Operational","Operational") -> Operational | AE150: =IF(OR(C150=54,C150=67,C150=10,C150=16,C150=6,C150=12,C150=28),"Aggregate","Individual") -> Individual
A151: 2 | B151: Front End Loader | C151: L-003 | D151: 719.9988 | E151: 360.0406 | F151: 230.1425 | G151: 227.7496 | H151: 359.9582 | I151: 5.7201 | J151: 129.8981 | K151: 6.1289 | L151: 227.7496 | M151: 11.849 | N151: 239.5986 | O151: 0.50005722 | P151: 0.63256644 | Q151: 0 | R151: 0 | S151: 0 | T151: 0 | U151: =T151*V151 -> 0 | V151: 0 | W151: 9975.81 | X151: 41.63551 | Y151: 9482.4708 | Z151: 493.33916 | AA151: 0 | AB151: 0 | AC151: =IF(OR(TRIM(B151)="Tipper",TRIM(B151)="Volvo",TRIM(B151)="Bharatbenz"),"Tipper",IF(OR(TRIM(B151)="Dumper",TRIM(B151)="Sany",TRIM(B151)="Komatsu"),"Dumper",IF(TRIM(B151)="Excavator","Excavator",IF(OR(TRIM(B151)="Front End Loader",TRIM(B151)="Fel"),"Front End Loader",IF(OR(TRIM(B151)="Surface Miner",TRIM(B151)="Csm"),"Surface Miner",IF(TRIM(B151)="Diesel Bowser","Diesel Bowser","Other")))))) -> Front End Loader | AD151: =IF(E151=0,"Non-Operational","Operational") -> Operational | AE151: =IF(OR(C151=54,C151=67,C151=10,C151=16,C151=6,C151=12,C151=28),"Aggregate","Individual") -> Individual
A152: 3 | B152: Front End Loader | C152: L-004 | D152: 720.0006 | E152: 427.1323 | F152: 265.0111 | G152: 261.714 | H152: 292.8683 | I152: 13.2113 | J152: 162.1212 | K152: 1.7361 | L152: 261.714 | M152: 14.9474 | N152: 276.6614 | O152: 0.59323881 | P152: 0.61272351 | Q152: 0 | R152: 0 | S152: 0 | T152: 0 | U152: =T152*V152 -> 0 | V152: 0 | W152: 6983.04 | X152: 25.240384 | Y152: 6605.7619 | Z152: 377.27812 | AA152: 0 | AB152: 0 | AC152: =IF(OR(TRIM(B152)="Tipper",TRIM(B152)="Volvo",TRIM(B152)="Bharatbenz"),"Tipper",IF(OR(TRIM(B152)="Dumper",TRIM(B152)="Sany",TRIM(B152)="Komatsu"),"Dumper",IF(TRIM(B152)="Excavator","Excavator",IF(OR(TRIM(B152)="Front End Loader",TRIM(B152)="Fel"),"Front End Loader",IF(OR(TRIM(B152)="Surface Miner",TRIM(B152)="Csm"),"Surface Miner",IF(TRIM(B152)="Diesel Bowser","Diesel Bowser","Other")))))) -> Front End Loader | AD152: =IF(E152=0,"Non-Operational","Operational") -> Operational | AE152: =IF(OR(C152=54,C152=67,C152=10,C152=16,C152=6,C152=12,C152=28),"Aggregate","Individual") -> Individual
A153: 4 | B153: Front End Loader | C153: L-005 | D153: 714.5018 | E153: 312.792 | F153: 0.3389 | G153: 0.2101 | H153: 401.7098 | I153: 0.0625 | J153: 312.4531 | K153: 0.0014 | L153: 0.2101 | M153: 0.0639 | N153: 0.274 | O153: 0.43777636 | P153: 0.0006716924 | Q153: 0 | R153: 0 | S153: 0 | T153: 0 | U153: =T153*V153 -> 0 | V153: 0 | W153: 56.04 | X153: 204.52555 | Y153: 42.970818 | Z153: 13.069182 | AA153: 0 | AB153: 0 | AC153: =IF(OR(TRIM(B153)="Tipper",TRIM(B153)="Volvo",TRIM(B153)="Bharatbenz"),"Tipper",IF(OR(TRIM(B153)="Dumper",TRIM(B153)="Sany",TRIM(B153)="Komatsu"),"Dumper",IF(TRIM(B153)="Excavator","Excavator",IF(OR(TRIM(B153)="Front End Loader",TRIM(B153)="Fel"),"Front End Loader",IF(OR(TRIM(B153)="Surface Miner",TRIM(B153)="Csm"),"Surface Miner",IF(TRIM(B153)="Diesel Bowser","Diesel Bowser","Other")))))) -> Front End Loader | AD153: =IF(E153=0,"Non-Operational","Operational") -> Operational | AE153: =IF(OR(C153=54,C153=67,C153=10,C153=16,C153=6,C153=12,C153=28),"Aggregate","Individual") -> Individual
A154: 5 | B154: Front End Loader | C154: L-006 | D154: 715.7662 | E154: 574.2742 | F154: 207.42 | G154: 205.0704 | H154: 141.492 | I154: 8.0657 | J154: 366.8542 | K154: 1.5844 | L154: 205.0704 | M154: 9.6501 | N154: 214.7205 | O154: 0.80232093 | P154: 0.35709492 | Q154: 0 | R154: 0 | S154: 0 | T154: 0 | U154: =T154*V154 -> 0 | V154: 0 | W154: 5432.47 | X154: 25.300193 | Y154: 5188.3206 | Z154: 244.14939 | AA154: 0 | AB154: 0 | AC154: =IF(OR(TRIM(B154)="Tipper",TRIM(B154)="Volvo",TRIM(B154)="Bharatbenz"),"Tipper",IF(OR(TRIM(B154)="Dumper",TRIM(B154)="Sany",TRIM(B154)="Komatsu"),"Dumper",IF(TRIM(B154)="Excavator","Excavator",IF(OR(TRIM(B154)="Front End Loader",TRIM(B154)="Fel"),"Front End Loader",IF(OR(TRIM(B154)="Surface Miner",TRIM(B154)="Csm"),"Surface Miner",IF(TRIM(B154)="Diesel Bowser","Diesel Bowser","Other")))))) -> Front End Loader | AD154: =IF(E154=0,"Non-Operational","Operational") -> Operational | AE154: =IF(OR(C154=54,C154=67,C154=10,C154=16,C154=6,C154=12,C154=28),"Aggregate","Individual") -> Individual
A155: 6 | B155: Front End Loader | C155: L-007 | D155: 719.9998 | E155: 507.5448 | F155: 255.3016 | G155: 243.5837 | H155: 212.455 | I155: 7.852 | J155: 252.2432 | K155: 2.8067 | L155: 243.5837 | M155: 10.6587 | N155: 254.2424 | O155: 0.70492353 | P155: 0.47992552 | Q155: 0 | R155: 0 | S155: 0 | T155: 0 | U155: =T155*V155 -> 0 | V155: 0 | W155: 9543.28 | X155: 37.536147 | Y155: 9143.1935 | Z155: 400.08653 | AA155: 0 | AB155: 0 | AC155: =IF(OR(TRIM(B155)="Tipper",TRIM(B155)="Volvo",TRIM(B155)="Bharatbenz"),"Tipper",IF(OR(TRIM(B155)="Dumper",TRIM(B155)="Sany",TRIM(B155)="Komatsu"),"Dumper",IF(TRIM(B155)="Excavator","Excavator",IF(OR(TRIM(B155)="Front End Loader",TRIM(B155)="Fel"),"Front End Loader",IF(OR(TRIM(B155)="Surface Miner",TRIM(B155)="Csm"),"Surface Miner",IF(TRIM(B155)="Diesel Bowser","Diesel Bowser","Other")))))) -> Front End Loader | AD155: =IF(E155=0,"Non-Operational","Operational") -> Operational | AE155: =IF(OR(C155=54,C155=67,C155=10,C155=16,C155=6,C155=12,C155=28),"Aggregate","Individual") -> Individual
A156: 7 | B156: Front End Loader | C156: L-008 | D156: 719.9999 | E156: 357.0048 | F156: 198.4164 | G156: 196.1276 | H156: 362.9951 | I156: 3.9263 | J156: 158.5884 | K156: 2.2553 | L156: 196.1276 | M156: 6.1816 | N156: 202.3092 | O156: 0.49584007 | P156: 0.54936964 | Q156: 0 | R156: 0 | S156: 0 | T156: 0 | U156: =T156*V156 -> 0 | V156: 0 | W156: 5559.4 | X156: 27.479719 | Y156: 5389.5314 | Z156: 169.86863 | AA156: 0 | AB156: 0 | AC156: =IF(OR(TRIM(B156)="Tipper",TRIM(B156)="Volvo",TRIM(B156)="Bharatbenz"),"Tipper",IF(OR(TRIM(B156)="Dumper",TRIM(B156)="Sany",TRIM(B156)="Komatsu"),"Dumper",IF(TRIM(B156)="Excavator","Excavator",IF(OR(TRIM(B156)="Front End Loader",TRIM(B156)="Fel"),"Front End Loader",IF(OR(TRIM(B156)="Surface Miner",TRIM(B156)="Csm"),"Surface Miner",IF(TRIM(B156)="Diesel Bowser","Diesel Bowser","Other")))))) -> Front End Loader | AD156: =IF(E156=0,"Non-Operational","Operational") -> Operational | AE156: =IF(OR(C156=54,C156=67,C156=10,C156=16,C156=6,C156=12,C156=28),"Aggregate","Individual") -> Individual
A157: 8 | B157: Front End Loader | C157: L-009 | D157: 720.001 | E157: 643.1192 | F157: 356.872 | G157: 356.872 | H157: 76.8818 | I157: 28.5434 | J157: 286.2472 | K157: 14.6993 | L157: 356.872 | M157: 43.2427 | N157: 400.1147 | O157: 0.89321987 | P157: 0.55490802 | Q157: 0 | R157: 0 | S157: 0 | T157: 0 | U157: =T157*V157 -> 0 | V157: 0 | W157: 10593.53 | X157: 26.476233 | Y157: 9448.6262 | Z157: 1144.9038 | AA157: 0 | AB157: 0 | AC157: =IF(OR(TRIM(B157)="Tipper",TRIM(B157)="Volvo",TRIM(B157)="Bharatbenz"),"Tipper",IF(OR(TRIM(B157)="Dumper",TRIM(B157)="Sany",TRIM(B157)="Komatsu"),"Dumper",IF(TRIM(B157)="Excavator","Excavator",IF(OR(TRIM(B157)="Front End Loader",TRIM(B157)="Fel"),"Front End Loader",IF(OR(TRIM(B157)="Surface Miner",TRIM(B157)="Csm"),"Surface Miner",IF(TRIM(B157)="Diesel Bowser","Diesel Bowser","Other")))))) -> Front End Loader | AD157: =IF(E157=0,"Non-Operational","Operational") -> Operational | AE157: =IF(OR(C157=54,C157=67,C157=10,C157=16,C157=6,C157=12,C157=28),"Aggregate","Individual") -> Individual
A158: 9 | B158: Front End Loader | C158: L-010 | D158: 720 | E158: 720 | F158: 0 | G158: 0 | H158: 0 | I158: 0 | J158: 720 | K158: 0 | L158: 0 | M158: 0 | N158: 0 | O158: 1 | P158: 0 | Q158: 0 | R158: 0 | S158: 0 | T158: 0 | U158: =T158*V158 -> 0 | V158: 0 | W158: 0 | X158: 0 | Y158: 0 | Z158: 0 | AA158: 0 | AB158: 0 | AC158: =IF(OR(TRIM(B158)="Tipper",TRIM(B158)="Volvo",TRIM(B158)="Bharatbenz"),"Tipper",IF(OR(TRIM(B158)="Dumper",TRIM(B158)="Sany",TRIM(B158)="Komatsu"),"Dumper",IF(TRIM(B158)="Excavator","Excavator",IF(OR(TRIM(B158)="Front End Loader",TRIM(B158)="Fel"),"Front End Loader",IF(OR(TRIM(B158)="Surface Miner",TRIM(B158)="Csm"),"Surface Miner",IF(TRIM(B158)="Diesel Bowser","Diesel Bowser","Other")))))) -> Front End Loader | AD158: =IF(E158=0,"Non-Operational","Operational") -> Operational | AE158: =IF(OR(C158=54,C158=67,C158=10,C158=16,C158=6,C158=12,C158=28),"Aggregate","Individual") -> Individual
A159: 10 | B159: Front End Loader | C159: L-011 | D159: 719.9991 | E159: 563.4096 | F159: 306.0187 | G159: 299.7136 | H159: 156.5895 | I159: 6.6517 | J159: 257.3909 | K159: 0.2445 | L159: 299.7136 | M159: 6.8962 | N159: 306.6098 | O159: 0.78251431 | P159: 0.53196396 | Q159: 0 | R159: 0 | S159: 0 | T159: 0 | U159: =T159*V159 -> 0 | V159: 0 | W159: 8108.61 | X159: 26.446024 | Y159: 7926.2329 | Z159: 182.37707 | AA159: 0 | AB159: 0 | AC159: =IF(OR(TRIM(B159)="Tipper",TRIM(B159)="Volvo",TRIM(B159)="Bharatbenz"),"Tipper",IF(OR(TRIM(B159)="Dumper",TRIM(B159)="Sany",TRIM(B159)="Komatsu"),"Dumper",IF(TRIM(B159)="Excavator","Excavator",IF(OR(TRIM(B159)="Front End Loader",TRIM(B159)="Fel"),"Front End Loader",IF(OR(TRIM(B159)="Surface Miner",TRIM(B159)="Csm"),"Surface Miner",IF(TRIM(B159)="Diesel Bowser","Diesel Bowser","Other")))))) -> Front End Loader | AD159: =IF(E159=0,"Non-Operational","Operational") -> Operational | AE159: =IF(OR(C159=54,C159=67,C159=10,C159=16,C159=6,C159=12,C159=28),"Aggregate","Individual") -> Individual
A160: 11 | B160: Front End Loader | C160: L-012 | D160: 719.9997 | E160: 508.9412 | F160: 291.648 | G160: 287.3239 | H160: 211.0585 | I160: 7.7508 | J160: 217.2932 | K160: 1.5015 | L160: 287.3239 | M160: 9.2523 | N160: 296.5762 | O160: 0.70686307 | P160: 0.56455225 | Q160: 0 | R160: 0 | S160: 0 | T160: 0 | U160: =T160*V160 -> 0 | V160: 0 | W160: 7206.69 | X160: 24.299623 | Y160: 6981.8626 | Z160: 224.82741 | AA160: 0 | AB160: 0 | AC160: =IF(OR(TRIM(B160)="Tipper",TRIM(B160)="Volvo",TRIM(B160)="Bharatbenz"),"Tipper",IF(OR(TRIM(B160)="Dumper",TRIM(B160)="Sany",TRIM(B160)="Komatsu"),"Dumper",IF(TRIM(B160)="Excavator","Excavator",IF(OR(TRIM(B160)="Front End Loader",TRIM(B160)="Fel"),"Front End Loader",IF(OR(TRIM(B160)="Surface Miner",TRIM(B160)="Csm"),"Surface Miner",IF(TRIM(B160)="Diesel Bowser","Diesel Bowser","Other")))))) -> Front End Loader | AD160: =IF(E160=0,"Non-Operational","Operational") -> Operational | AE160: =IF(OR(C160=54,C160=67,C160=10,C160=16,C160=6,C160=12,C160=28),"Aggregate","Individual") -> Individual
A161: 12 | B161: Front End Loader | C161: L-013 | D161: 720.0004 | E161: 637.0414 | F161: 386.3297 | G161: 386.3297 | H161: 82.959 | I161: 26.9935 | J161: 250.7117 | K161: 17.5555 | L161: 386.3297 | M161: 44.549 | N161: 430.8787 | O161: 0.88477923 | P161: 0.60644363 | Q161: 0 | R161: 0 | S161: 0 | T161: 0 | U161: =T161*V161 -> 0 | V161: 0 | W161: 9935.53 | X161: 23.058763 | Y161: 8908.2851 | Z161: 1027.2449 | AA161: 0 | AB161: 0 | AC161: =IF(OR(TRIM(B161)="Tipper",TRIM(B161)="Volvo",TRIM(B161)="Bharatbenz"),"Tipper",IF(OR(TRIM(B161)="Dumper",TRIM(B161)="Sany",TRIM(B161)="Komatsu"),"Dumper",IF(TRIM(B161)="Excavator","Excavator",IF(OR(TRIM(B161)="Front End Loader",TRIM(B161)="Fel"),"Front End Loader",IF(OR(TRIM(B161)="Surface Miner",TRIM(B161)="Csm"),"Surface Miner",IF(TRIM(B161)="Diesel Bowser","Diesel Bowser","Other")))))) -> Front End Loader | AD161: =IF(E161=0,"Non-Operational","Operational") -> Operational | AE161: =IF(OR(C161=54,C161=67,C161=10,C161=16,C161=6,C161=12,C161=28),"Aggregate","Individual") -> Individual
... A165: 16 | B165: Front End Loader | C165: SDLG-DEMO | D165: 720 | E165: 0 | F165: 0 | G165: 0 | H165: 720 | I165: 0 | J165: 0 | K165: 0 | L165: 0 | M165: 0 | N165: 0 | O165: 0 | P165: 0 | Q165: 0 | R165: 0 | S165: 0 | T165: 0 | U165: =T165*V165 -> 0 | V165: 0 | W165: 0 | X165: 0 | Y165: 0 | Z165: 0 | AA165: 0 | AB165: 0 | AC165: =IF(OR(TRIM(B165)="Tipper",TRIM(B165)="Volvo",TRIM(B165)="Bharatbenz"),"Tipper",IF(OR(TRIM(B165)="Dumper",TRIM(B165)="Sany",TRIM(B165)="Komatsu"),"Dumper",IF(TRIM(B165)="Excavator","Excavator",IF(OR(TRIM(B165)="Front End Loader",TRIM(B165)="Fel"),"Front End Loader",IF(OR(TRIM(B165)="Surface Miner",TRIM(B165)="Csm"),"Surface Miner",IF(TRIM(B165)="Diesel Bowser","Diesel Bowser","Other")))))) -> Front End Loader | AD165: =IF(E165=0,"Non-Operational","Operational") -> Non-Operational | AE165: =IF(OR(C165=54,C165=67,C165=10,C165=16,C165=6,C165=12,C165=28),"Aggregate","Individual") -> Individual
A166: 5 | B166: Fel | C166: 16 | D166: 718.91908 | E166: 472.08682 | F166: 233.25977 | G166: 230.42826 | H166: 246.83226 | I166: 10.5207 | J166: 238.82705 | K166: 5.4101812 | L166: 230.42826 | M166: 15.930881 | N166: 246.35914 | O166: 0.65666198 | P166: 0.48810568 | Q166: 0 | R166: 0 | S166: 0 | T166: 0 | U166: =T166*V166 -> 0 | V166: 0 | W166: 7486.3414 | X166: 38.573587 | Y166: 7039.9877 | Z166: 446.35369 | AA166: 0 | AB166: 0 | AC166: =IF(OR(TRIM(B166)="Tipper",TRIM(B166)="Volvo",TRIM(B166)="Bharatbenz"),"Tipper",IF(OR(TRIM(B166)="Dumper",TRIM(B166)="Sany",TRIM(B166)="Komatsu"),"Dumper",IF(TRIM(B166)="Excavator","Excavator",IF(OR(TRIM(B166)="Front End Loader",TRIM(B166)="Fel"),"Front End Loader",IF(OR(TRIM(B166)="Surface Miner",TRIM(B166)="Csm"),"Surface Miner",IF(TRIM(B166)="Diesel Bowser","Diesel Bowser","Other")))))) -> Front End Loader | AD166: =IF(E166=0,"Non-Operational","Operational") -> Operational | AE166: =IF(OR(C166=54,C166=67,C166=10,C166=16,C166=6,C166=12,C166=28),"Aggregate","Individual") -> Aggregate
A167: 1 | B167: Excavator | C167: EX-001 | D167: 719.9997 | E167: 694.4921 | F167: 637.397 | G167: 616.4306 | H167: 25.5076 | I167: 0 | J167: 57.0951 | K167: 0 | L167: 616.4306 | M167: 0 | N167: 616.4306 | O167: 0.96457276 | P167: 0.88759915 | Q167: 0 | R167: 0 | S167: 0 | T167: 0 | U167: =T167*V167 -> 0 | V167: 0 | W167: 74157.34 | X167: 120.3012 | Y167: 74157.34 | Z167: 0 | AA167: 0 | AB167: 0 | AC167: =IF(OR(TRIM(B167)="Tipper",TRIM(B167)="Volvo",TRIM(B167)="Bharatbenz"),"Tipper",IF(OR(TRIM(B167)="Dumper",TRIM(B167)="Sany",TRIM(B167)="Komatsu"),"Dumper",IF(TRIM(B167)="Excavator","Excavator",IF(OR(TRIM(B167)="Front End Loader",TRIM(B167)="Fel"),"Front End Loader",IF(OR(TRIM(B167)="Surface Miner",TRIM(B167)="Csm"),"Surface Miner",IF(TRIM(B167)="Diesel Bowser","Diesel Bowser","Other")))))) -> Excavator | AD167: =IF(E167=0,"Non-Operational","Operational") -> Operational | AE167: =IF(OR(C167=54,C167=67,C167=10,C167=16,C167=6,C167=12,C167=28),"Aggregate","Individual") -> Individual
A168: 2 | B168: Excavator | C168: EX-093 | D168: 715.4258 | E168: 417.5431 | F168: 391.716 | G168: 374.4452 | H168: 297.8827 | I168: 0 | J168: 25.8271 | K168: 0 | L168: 374.4452 | M168: 0 | N168: 374.4452 | O168: 0.5836288 | P168: 0.89678215 | Q168: 0 | R168: 0 | S168: 0 | T168: 0 | U168: =T168*V168 -> 0 | V168: 0 | W168: 9950.68 | X168: 26.574463 | Y168: 9950.68 | Z168: 0 | AA168: 0 | AB168: 0 | AC168: =IF(OR(TRIM(B168)="Tipper",TRIM(B168)="Volvo",TRIM(B168)="Bharatbenz"),"Tipper",IF(OR(TRIM(B168)="Dumper",TRIM(B168)="Sany",TRIM(B168)="Komatsu"),"Dumper",IF(TRIM(B168)="Excavator","Excavator",IF(OR(TRIM(B168)="Front End Loader",TRIM(B168)="Fel"),"Front End Loader",IF(OR(TRIM(B168)="Surface Miner",TRIM(B168)="Csm"),"Surface Miner",IF(TRIM(B168)="Diesel Bowser","Diesel Bowser","Other")))))) -> Excavator | AD168: =IF(E168=0,"Non-Operational","Operational") -> Operational | AE168: =IF(OR(C168=54,C168=67,C168=10,C168=16,C168=6,C168=12,C168=28),"Aggregate","Individual") -> Individual
A169: 3 | B169: Excavator | C169: EX-094 | D169: 712.4667 | E169: 488.4516 | F169: 463.4809 | G169: 429.1264 | H169: 224.0151 | I169: 0 | J169: 24.9707 | K169: 0 | L169: 429.1264 | M169: 0 | N169: 429.1264 | O169: 0.68557815 | P169: 0.87854436 | Q169: 0 | R169: 0 | S169: 0 | T169: 0 | U169: =T169*V169 -> 0 | V169: 0 | W169: 10251.37 | X169: 23.888929 | Y169: 10251.37 | Z169: 0 | AA169: 0 | AB169: 0 | AC169: =IF(OR(TRIM(B169)="Tipper",TRIM(B169)="Volvo",TRIM(B169)="Bharatbenz"),"Tipper",IF(OR(TRIM(B169)="Dumper",TRIM(B169)="Sany",TRIM(B169)="Komatsu"),"Dumper",IF(TRIM(B169)="Excavator","Excavator",IF(OR(TRIM(B169)="Front End Loader",TRIM(B169)="Fel"),"Front End Loader",IF(OR(TRIM(B169)="Surface Miner",TRIM(B169)="Csm"),"Surface Miner",IF(TRIM(B169)="Diesel Bowser","Diesel Bowser","Other")))))) -> Excavator | AD169: =IF(E169=0,"Non-Operational","Operational") -> Operational | AE169: =IF(OR(C169=54,C169=67,C169=10,C169=16,C169=6,C169=12,C169=28),"Aggregate","Individual") -> Individual
A170: 4 | B170: Excavator | C170: EX-097 | D170: 720.0001 | E170: 186.532 | F170: 172.3509 | G170: 165.931 | H170: 533.4681 | I170: 0 | J170: 14.1811 | K170: 0 | L170: 165.931 | M170: 0 | N170: 165.931 | O170: 0.25907219 | P170: 0.88955782 | Q170: 0 | R170: 0 | S170: 0 | T170: 0 | U170: =T170*V170 -> 0 | V170: 0 | W170: 5047.46 | X170: 30.41903 | Y170: 5047.46 | Z170: 0 | AA170: 0 | AB170: 0 | AC170: =IF(OR(TRIM(B170)="Tipper",TRIM(B170)="Volvo",TRIM(B170)="Bharatbenz"),"Tipper",IF(OR(TRIM(B170)="Dumper",TRIM(B170)="Sany",TRIM(B170)="Komatsu"),"Dumper",IF(TRIM(B170)="Excavator","Excavator",IF(OR(TRIM(B170)="Front End Loader",TRIM(B170)="Fel"),"Front End Loader",IF(OR(TRIM(B170)="Surface Miner",TRIM(B170)="Csm"),"Surface Miner",IF(TRIM(B170)="Diesel Bowser","Diesel Bowser","Other")))))) -> Excavator | AD170: =IF(E170=0,"Non-Operational","Operational") -> Operational | AE170: =IF(OR(C170=54,C170=67,C170=10,C170=16,C170=6,C170=12,C170=28),"Aggregate","Individual") -> Individual
A171: 5 | B171: Excavator | C171: EX-098 | D171: 719.9977 | E171: 0.7486 | F171: 0.175 | G171: 0 | H171: 719.2491 | I171: 0 | J171: 0.5736 | K171: 0 | L171: 0 | M171: 0 | N171: 0 | O171: 0.0010397255 | P171: 0 | Q171: 0 | R171: 0 | S171: 0 | T171: 0 | U171: =T171*V171 -> 0 | V171: 0 | W171: 0 | X171: 0 | Y171: 0 | Z171: 0 | AA171: 0 | AB171: 0 | AC171: =IF(OR(TRIM(B171)="Tipper",TRIM(B171)="Volvo",TRIM(B171)="Bharatbenz"),"Tipper",IF(OR(TRIM(B171)="Dumper",TRIM(B171)="Sany",TRIM(B171)="Komatsu"),"Dumper",IF(TRIM(B171)="Excavator","Excavator",IF(OR(TRIM(B171)="Front End Loader",TRIM(B171)="Fel"),"Front End Loader",IF(OR(TRIM(B171)="Surface Miner",TRIM(B171)="Csm"),"Surface Miner",IF(TRIM(B171)="Diesel Bowser","Diesel Bowser","Other")))))) -> Excavator | AD171: =IF(E171=0,"Non-Operational","Operational") -> Operational | AE171: =IF(OR(C171=54,C171=67,C171=10,C171=16,C171=6,C171=12,C171=28),"Aggregate","Individual") -> Individual
A172: 6 | B172: Excavator | C172: EX-100 | D172: 720.0004 | E172: 321.4516 | F172: 297.2285 | G172: 286.8845 | H172: 398.5488 | I172: 0 | J172: 24.2231 | K172: 0 | L172: 286.8845 | M172: 0 | N172: 286.8845 | O172: 0.44646031 | P172: 0.89246562 | Q172: 0 | R172: 0 | S172: 0 | T172: 0 | U172: =T172*V172 -> 0 | V172: 0 | W172: 9457.39 | X172: 32.965845 | Y172: 9457.39 | Z172: 0 | AA172: 0 | AB172: 0 | AC172: =IF(OR(TRIM(B172)="Tipper",TRIM(B172)="Volvo",TRIM(B172)="Bharatbenz"),"Tipper",IF(OR(TRIM(B172)="Dumper",TRIM(B172)="Sany",TRIM(B172)="Komatsu"),"Dumper",IF(TRIM(B172)="Excavator","Excavator",IF(OR(TRIM(B172)="Front End Loader",TRIM(B172)="Fel"),"Front End Loader",IF(OR(TRIM(B172)="Surface Miner",TRIM(B172)="Csm"),"Surface Miner",IF(TRIM(B172)="Diesel Bowser","Diesel Bowser","Other")))))) -> Excavator | AD172: =IF(E172=0,"Non-Operational","Operational") -> Operational | AE172: =IF(OR(C172=54,C172=67,C172=10,C172=16,C172=6,C172=12,C172=28),"Aggregate","Individual") -> Individual
A173: 7 | B173: Excavator | C173: EX-103 | D173: 719.9995 | E173: 487.0056 | F173: 465.7867 | G173: 457.7269 | H173: 232.9939 | I173: 0 | J173: 21.2189 | K173: 0 | L173: 457.7269 | M173: 0 | N173: 457.7269 | O173: 0.67639714 | P173: 0.93988016 | Q173: 0 | R173: 0 | S173: 0 | T173: 0 | U173: =T173*V173 -> 0 | V173: 0 | W173: 11612.85 | X173: 25.370696 | Y173: 11612.85 | Z173: 0 | AA173: 0 | AB173: 0 | AC173: =IF(OR(TRIM(B173)="Tipper",TRIM(B173)="Volvo",TRIM(B173)="Bharatbenz"),"Tipper",IF(OR(TRIM(B173)="Dumper",TRIM(B173)="Sany",TRIM(B173)="Komatsu"),"Dumper",IF(TRIM(B173)="Excavator","Excavator",IF(OR(TRIM(B173)="Front End Loader",TRIM(B173)="Fel"),"Front End Loader",IF(OR(TRIM(B173)="Surface Miner",TRIM(B173)="Csm"),"Surface Miner",IF(TRIM(B173)="Diesel Bowser","Diesel Bowser","Other")))))) -> Excavator | AD173: =IF(E173=0,"Non-Operational","Operational") -> Operational | AE173: =IF(OR(C173=54,C173=67,C173=10,C173=16,C173=6,C173=12,C173=28),"Aggregate","Individual") -> Individual
A174: 8 | B174: Excavator | C174: EX-108 | D174: 720 | E174: 0.1389 | F174: 0.1389 | G174: 0.1375 | H174: 719.8611 | I174: 0 | J174: 0 | K174: 0 | L174: 0.1375 | M174: 0 | N174: 0.1375 | O174: 0.0001929167 | P174: 0.98992081 | Q174: 0 | R174: 0 | S174: 0 | T174: 0 | U174: =T174*V174 -> 0 | V174: 0 | W174: 0 | X174: 0 | Y174: 0 | Z174: 0 | AA174: 0 | AB174: 0 | AC174: =IF(OR(TRIM(B174)="Tipper",TRIM(B174)="Volvo",TRIM(B174)="Bharatbenz"),"Tipper",IF(OR(TRIM(B174)="Dumper",TRIM(B174)="Sany",TRIM(B174)="Komatsu"),"Dumper",IF(TRIM(B174)="Excavator","Excavator",IF(OR(TRIM(B174)="Front End Loader",TRIM(B174)="Fel"),"Front End Loader",IF(OR(TRIM(B174)="Surface Miner",TRIM(B174)="Csm"),"Surface Miner",IF(TRIM(B174)="Diesel Bowser","Diesel Bowser","Other")))))) -> Excavator | AD174: =IF(E174=0,"Non-Operational","Operational") -> Operational | AE174: =IF(OR(C174=54,C174=67,C174=10,C174=16,C174=6,C174=12,C174=28),"Aggregate","Individual") -> Individual
A175: 9 | B175: Excavator | C175: EX-110 | D175: 720.0005 | E175: 629.496 | F175: 587.8238 | G175: 568.734 | H175: 90.5045 | I175: 0 | J175: 41.6722 | K175: 0 | L175: 568.734 | M175: 0 | N175: 568.734 | O175: 0.87429939 | P175: 0.90347516 | Q175: 0 | R175: 0 | S175: 0 | T175: 0 | U175: =T175*V175 -> 0 | V175: 0 | W175: 19786.52 | X175: 34.790464 | Y175: 19786.52 | Z175: 0 | AA175: 0 | AB175: 0 | AC175: =IF(OR(TRIM(B175)="Tipper",TRIM(B175)="Volvo",TRIM(B175)="Bharatbenz"),"Tipper",IF(OR(TRIM(B175)="Dumper",TRIM(B175)="Sany",TRIM(B175)="Komatsu"),"Dumper",IF(TRIM(B175)="Excavator","Excavator",IF(OR(TRIM(B175)="Front End Loader",TRIM(B175)="Fel"),"Front End Loader",IF(OR(TRIM(B175)="Surface Miner",TRIM(B175)="Csm"),"Surface Miner",IF(TRIM(B175)="Diesel Bowser","Diesel Bowser","Other")))))) -> Excavator | AD175: =IF(E175=0,"Non-Operational","Operational") -> Operational | AE175: =IF(OR(C175=54,C175=67,C175=10,C175=16,C175=6,C175=12,C175=28),"Aggregate","Individual") -> Individual
A176: 10 | B176: Excavator | C176: EX-117 | D176: 719.9994 | E176: 604.0767 | F176: 572.4373 | G176: 551.0155 | H176: 115.9227 | I176: 0 | J176: 31.6394 | K176: 0 | L176: 551.0155 | M176: 0 | N176: 551.0155 | O176: 0.83899612 | P176: 0.91216149 | Q176: 0 | R176: 0 | S176: 0 | T176: 0 | U176: =T176*V176 -> 0 | V176: 0 | W176: 17659.58 | X176: 32.049153 | Y176: 17659.58 | Z176: 0 | AA176: 0 | AB176: 0 | AC176: =IF(OR(TRIM(B176)="Tipper",TRIM(B176)="Volvo",TRIM(B176)="Bharatbenz"),"Tipper",IF(OR(TRIM(B176)="Dumper",TRIM(B176)="Sany",TRIM(B176)="Komatsu"),"Dumper",IF(TRIM(B176)="Excavator","Excavator",IF(OR(TRIM(B176)="Front End Loader",TRIM(B176)="Fel"),"Front End Loader",IF(OR(TRIM(B176)="Surface Miner",TRIM(B176)="Csm"),"Surface Miner",IF(TRIM(B176)="Diesel Bowser","Diesel Bowser","Other")))))) -> Excavator | AD176: =IF(E176=0,"Non-Operational","Operational") -> Operational | AE176: =IF(OR(C176=54,C176=67,C176=10,C176=16,C176=6,C176=12,C176=28),"Aggregate","Individual") -> Individual
A177: 11 | B177: Excavator | C177: EX-118 | D177: 710.042 | E177: 114.6754 | F177: 85.3591 | G177: 74.4108 | H177: 595.3666 | I177: 0 | J177: 29.3163 | K177: 0 | L177: 74.4108 | M177: 0 | N177: 74.4108 | O177: 0.16150509 | P177: 0.64888197 | Q177: 0 | R177: 0 | S177: 0 | T177: 0 | U177: =T177*V177 -> 0 | V177: 0 | W177: 16216.29 | X177: 217.92925 | Y177: 16216.29 | Z177: 0 | AA177: 0 | AB177: 0 | AC177: =IF(OR(TRIM(B177)="Tipper",TRIM(B177)="Volvo",TRIM(B177)="Bharatbenz"),"Tipper",IF(OR(TRIM(B177)="Dumper",TRIM(B177)="Sany",TRIM(B177)="Komatsu"),"Dumper",IF(TRIM(B177)="Excavator","Excavator",IF(OR(TRIM(B177)="Front End Loader",TRIM(B177)="Fel"),"Front End Loader",IF(OR(TRIM(B177)="Surface Miner",TRIM(B177)="Csm"),"Surface Miner",IF(TRIM(B177)="Diesel Bowser","Diesel Bowser","Other")))))) -> Excavator | AD177: =IF(E177=0,"Non-Operational","Operational") -> Operational | AE177: =IF(OR(C177=54,C177=67,C177=10,C177=16,C177=6,C177=12,C177=28),"Aggregate","Individual") -> Individual
A178: 12 | B178: Excavator | C178: EX-122 | D178: 720.0003 | E178: 447.5041 | F178: 419.2801 | G178: 405.0693 | H178: 272.4962 | I178: 0 | J178: 28.224 | K178: 0 | L178: 405.0693 | M178: 0 | N178: 405.0693 | O178: 0.62153321 | P178: 0.9051745 | Q178: 0 | R178: 0 | S178: 0 | T178: 0 | U178: =T178*V178 -> 0 | V178: 0 | W178: 11645.58 | X178: 28.749599 | Y178: 11645.58 | Z178: 0 | AA178: 0 | AB178: 0 | AC178: =IF(OR(TRIM(B178)="Tipper",TRIM(B178)="Volvo",TRIM(B178)="Bharatbenz"),"Tipper",IF(OR(TRIM(B178)="Dumper",TRIM(B178)="Sany",TRIM(B178)="Komatsu"),"Dumper",IF(TRIM(B178)="Excavator","Excavator",IF(OR(TRIM(B178)="Front End Loader",TRIM(B178)="Fel"),"Front End Loader",IF(OR(TRIM(B178)="Surface Miner",TRIM(B178)="Csm"),"Surface Miner",IF(TRIM(B178)="Diesel Bowser","Diesel Bowser","Other")))))) -> Excavator | AD178: =IF(E178=0,"Non-Operational","Operational") -> Operational | AE178: =IF(OR(C178=54,C178=67,C178=10,C178=16,C178=6,C178=12,C178=28),"Aggregate","Individual") -> Individual
... A194: 28 | B194: Excavator | C194: EX-207 | D194: 720.0002 | E194: 321.0927 | F194: 295.898 | G194: 284.7732 | H194: 398.9075 | I194: 0 | J194: 25.1947 | K194: 0 | L194: 284.7732 | M194: 0 | N194: 284.7732 | O194: 0.44596196 | P194: 0.88688781 | Q194: 0 | R194: 0 | S194: 0 | T194: 0 | U194: =T194*V194 -> 0 | V194: 0 | W194: 27856.62 | X194: 97.820371 | Y194: 27856.62 | Z194: 0 | AA194: 0 | AB194: 0 | AC194: =IF(OR(TRIM(B194)="Tipper",TRIM(B194)="Volvo",TRIM(B194)="Bharatbenz"),"Tipper",IF(OR(TRIM(B194)="Dumper",TRIM(B194)="Sany",TRIM(B194)="Komatsu"),"Dumper",IF(TRIM(B194)="Excavator","Excavator",IF(OR(TRIM(B194)="Front End Loader",TRIM(B194)="Fel"),"Front End Loader",IF(OR(TRIM(B194)="Surface Miner",TRIM(B194)="Csm"),"Surface Miner",IF(TRIM(B194)="Diesel Bowser","Diesel Bowser","Other")))))) -> Excavator | AD194: =IF(E194=0,"Non-Operational","Operational") -> Operational | AE194: =IF(OR(C194=54,C194=67,C194=10,C194=16,C194=6,C194=12,C194=28),"Aggregate","Individual") -> Individual
A195: 6 | B195: Excavator | C195: 28 | D195: 719.21161 | E195: 396.7762 | F195: 348.23086 | G195: 336.20565 | H195: 322.4354 | I195: 0 | J195: 48.545346 | K195: 0 | L195: 336.20565 | M195: 0 | N195: 336.20565 | O195: 0.55168215 | P195: 0.84734329 | Q195: 0 | R195: 0 | S195: 0 | T195: 0 | U195: =T195*V195 -> 0 | V195: 0 | W195: 20268.231 | X195: 2141.776 | Y195: 19919.07 | Z195: 0 | AA195: 0 | AB195: 0 | AC195: =IF(OR(TRIM(B195)="Tipper",TRIM(B195)="Volvo",TRIM(B195)="Bharatbenz"),"Tipper",IF(OR(TRIM(B195)="Dumper",TRIM(B195)="Sany",TRIM(B195)="Komatsu"),"Dumper",IF(TRIM(B195)="Excavator","Excavator",IF(OR(TRIM(B195)="Front End Loader",TRIM(B195)="Fel"),"Front End Loader",IF(OR(TRIM(B195)="Surface Miner",TRIM(B195)="Csm"),"Surface Miner",IF(TRIM(B195)="Diesel Bowser","Diesel Bowser","Other")))))) -> Excavator | AD195: =IF(E195=0,"Non-Operational","Operational") -> Operational | AE195: =IF(OR(C195=54,C195=67,C195=10,C195=16,C195=6,C195=12,C195=28),"Aggregate","Individual") -> Aggregate
A196: 1 | B196: Surface Miner | C196: CSM-001 | D196: 720 | E196: 0 | F196: 0 | G196: 0 | H196: 720 | I196: 0 | J196: 0 | K196: 0 | L196: 0 | M196: 0 | N196: 0 | O196: 0 | P196: 0 | Q196: 0 | R196: 0 | S196: 0 | T196: 0 | U196: =T196*V196 -> 0 | V196: 0 | W196: 16797.7 | X196: 0 | Y196: 0 | Z196: 0 | AA196: 0 | AB196: 0 | AC196: =IF(OR(TRIM(B196)="Tipper",TRIM(B196)="Volvo",TRIM(B196)="Bharatbenz"),"Tipper",IF(OR(TRIM(B196)="Dumper",TRIM(B196)="Sany",TRIM(B196)="Komatsu"),"Dumper",IF(TRIM(B196)="Excavator","Excavator",IF(OR(TRIM(B196)="Front End Loader",TRIM(B196)="Fel"),"Front End Loader",IF(OR(TRIM(B196)="Surface Miner",TRIM(B196)="Csm"),"Surface Miner",IF(TRIM(B196)="Diesel Bowser","Diesel Bowser","Other")))))) -> Surface Miner | AD196: =IF(E196=0,"Non-Operational","Operational") -> Non-Operational | AE196: =IF(OR(C196=54,C196=67,C196=10,C196=16,C196=6,C196=12,C196=28),"Aggregate","Individual") -> Individual
A197: 2 | B197: Surface Miner | C197: CSM-002 | D197: 708.6439 | E197: 305.1756 | F197: 275.6743 | G197: 268.1398 | H197: 403.4683 | I197: 0 | J197: 29.5013 | K197: 0 | L197: 268.1398 | M197: 0 | N197: 268.1398 | O197: 0.43064733 | P197: 0.87864102 | Q197: 0 | R197: 0 | S197: 0 | T197: 0 | U197: =T197*V197 -> 0 | V197: 0 | W197: 19186.39 | X197: 71.553682 | Y197: 19186.39 | Z197: 0 | AA197: 0 | AB197: 0 | AC197: =IF(OR(TRIM(B197)="Tipper",TRIM(B197)="Volvo",TRIM(B197)="Bharatbenz"),"Tipper",IF(OR(TRIM(B197)="Dumper",TRIM(B197)="Sany",TRIM(B197)="Komatsu"),"Dumper",IF(TRIM(B197)="Excavator","Excavator",IF(OR(TRIM(B197)="Front End Loader",TRIM(B197)="Fel"),"Front End Loader",IF(OR(TRIM(B197)="Surface Miner",TRIM(B197)="Csm"),"Surface Miner",IF(TRIM(B197)="Diesel Bowser","Diesel Bowser","Other")))))) -> Surface Miner | AD197: =IF(E197=0,"Non-Operational","Operational") -> Operational | AE197: =IF(OR(C197=54,C197=67,C197=10,C197=16,C197=6,C197=12,C197=28),"Aggregate","Individual") -> Individual
A198: 3 | B198: Surface Miner | C198: CSM-003 | D198: 718.107 | E198: 395.2421 | F198: 393.0885 | G198: 368.7116 | H198: 322.8649 | I198: 0 | J198: 2.1536 | K198: 0 | L198: 368.7116 | M198: 0 | N198: 368.7116 | O198: 0.55039444 | P198: 0.93287532 | Q198: 0 | R198: 0 | S198: 0 | T198: 0 | U198: =T198*V198 -> 0 | V198: 0 | W198: 14258.46 | X198: 38.671037 | Y198: 14258.46 | Z198: 0 | AA198: 0 | AB198: 0 | AC198: =IF(OR(TRIM(B198)="Tipper",TRIM(B198)="Volvo",TRIM(B198)="Bharatbenz"),"Tipper",IF(OR(TRIM(B198)="Dumper",TRIM(B198)="Sany",TRIM(B198)="Komatsu"),"Dumper",IF(TRIM(B198)="Excavator","Excavator",IF(OR(TRIM(B198)="Front End Loader",TRIM(B198)="Fel"),"Front End Loader",IF(OR(TRIM(B198)="Surface Miner",TRIM(B198)="Csm"),"Surface Miner",IF(TRIM(B198)="Diesel Bowser","Diesel Bowser","Other")))))) -> Surface Miner | AD198: =IF(E198=0,"Non-Operational","Operational") -> Operational | AE198: =IF(OR(C198=54,C198=67,C198=10,C198=16,C198=6,C198=12,C198=28),"Aggregate","Individual") -> Individual
A199: 4 | B199: Surface Miner | C199: CSM-004 | D199: 708.4939 | E199: 316.2281 | F199: 284.9472 | G199: 278.2468 | H199: 392.2658 | I199: 0 | J199: 31.2809 | K199: 0 | L199: 278.2468 | M199: 0 | N199: 278.2468 | O199: 0.44633849 | P199: 0.87989271 | Q199: 0 | R199: 0 | S199: 0 | T199: 0 | U199: =T199*V199 -> 0 | V199: 0 | W199: 17858.84 | X199: 64.183452 | Y199: 17858.84 | Z199: 0 | AA199: 0 | AB199: 0 | AC199: =IF(OR(TRIM(B199)="Tipper",TRIM(B199)="Volvo",TRIM(B199)="Bharatbenz"),"Tipper",IF(OR(TRIM(B199)="Dumper",TRIM(B199)="Sany",TRIM(B199)="Komatsu"),"Dumper",IF(TRIM(B199)="Excavator","Excavator",IF(OR(TRIM(B199)="Front End Loader",TRIM(B199)="Fel"),"Front End Loader",IF(OR(TRIM(B199)="Surface Miner",TRIM(B199)="Csm"),"Surface Miner",IF(TRIM(B199)="Diesel Bowser","Diesel Bowser","Other")))))) -> Surface Miner | AD199: =IF(E199=0,"Non-Operational","Operational") -> Operational | AE199: =IF(OR(C199=54,C199=67,C199=10,C199=16,C199=6,C199=12,C199=28),"Aggregate","Individual") -> Individual
A200: 5 | B200: Surface Miner | C200: CSM-006 | D200: 714.5101 | E200: 445.7338 | F200: 397.6374 | G200: 387.4799 | H200: 268.7763 | I200: 0 | J200: 48.0964 | K200: 0 | L200: 387.4799 | M200: 0 | N200: 387.4799 | O200: 0.62383135 | P200: 0.86930787 | Q200: 0 | R200: 0 | S200: 0 | T200: 0 | U200: =T200*V200 -> 0 | V200: 0 | W200: 33431.15 | X200: 86.278411 | Y200: 33431.15 | Z200: 0 | AA200: 0 | AB200: 0 | AC200: =IF(OR(TRIM(B200)="Tipper",TRIM(B200)="Volvo",TRIM(B200)="Bharatbenz"),"Tipper",IF(OR(TRIM(B200)="Dumper",TRIM(B200)="Sany",TRIM(B200)="Komatsu"),"Dumper",IF(TRIM(B200)="Excavator","Excavator",IF(OR(TRIM(B200)="Front End Loader",TRIM(B200)="Fel"),"Front End Loader",IF(OR(TRIM(B200)="Surface Miner",TRIM(B200)="Csm"),"Surface Miner",IF(TRIM(B200)="Diesel Bowser","Diesel Bowser","Other")))))) -> Surface Miner | AD200: =IF(E200=0,"Non-Operational","Operational") -> Operational | AE200: =IF(OR(C200=54,C200=67,C200=10,C200=16,C200=6,C200=12,C200=28),"Aggregate","Individual") -> Individual
A201: 6 | B201: Surface Miner | C201: CSM-007 | D201: 717.5536 | E201: 423.6168 | F201: 381.0742 | G201: 375.4429 | H201: 293.9368 | I201: 0 | J201: 42.5426 | K201: 0 | L201: 375.4429 | M201: 0 | N201: 375.4429 | O201: 0.59036259 | P201: 0.88627953 | Q201: 0 | R201: 0 | S201: 0 | T201: 0 | U201: =T201*V201 -> 0 | V201: 0 | W201: 29524.56 | X201: 78.639282 | Y201: 29524.56 | Z201: 0 | AA201: 0 | AB201: 0 | AC201: =IF(OR(TRIM(B201)="Tipper",TRIM(B201)="Volvo",TRIM(B201)="Bharatbenz"),"Tipper",IF(OR(TRIM(B201)="Dumper",TRIM(B201)="Sany",TRIM(B201)="Komatsu"),"Dumper",IF(TRIM(B201)="Excavator","Excavator",IF(OR(TRIM(B201)="Front End Loader",TRIM(B201)="Fel"),"Front End Loader",IF(OR(TRIM(B201)="Surface Miner",TRIM(B201)="Csm"),"Surface Miner",IF(TRIM(B201)="Diesel Bowser","Diesel Bowser","Other")))))) -> Surface Miner | AD201: =IF(E201=0,"Non-Operational","Operational") -> Operational | AE201: =IF(OR(C201=54,C201=67,C201=10,C201=16,C201=6,C201=12,C201=28),"Aggregate","Individual") -> Individual
A202: 7 | B202: Csm | C202: 6 | D202: 714.55142 | E202: 314.33273 | F202: 288.73693 | G202: 279.67017 | H202: 400.21868 | I202: 0 | J202: 25.5958 | K202: 0 | L202: 279.67017 | M202: 0 | N202: 279.67017 | O202: 0.43990219 | P202: 0.88972651 | Q202: 0 | R202: 0 | S202: 0 | T202: 0 | U202: =T202*V202 -> 0 | V202: 0 | W202: 21842.85 | X202: 67.865173 | Y202: 22851.88 | Z202: 0 | AA202: 0 | AB202: 0 | AC202: =IF(OR(TRIM(B202)="Tipper",TRIM(B202)="Volvo",TRIM(B202)="Bharatbenz"),"Tipper",IF(OR(TRIM(B202)="Dumper",TRIM(B202)="Sany",TRIM(B202)="Komatsu"),"Dumper",IF(TRIM(B202)="Excavator","Excavator",IF(OR(TRIM(B202)="Front End Loader",TRIM(B202)="Fel"),"Front End Loader",IF(OR(TRIM(B202)="Surface Miner",TRIM(B202)="Csm"),"Surface Miner",IF(TRIM(B202)="Diesel Bowser","Diesel Bowser","Other")))))) -> Surface Miner | AD202: =IF(E202=0,"Non-Operational","Operational") -> Operational | AE202: =IF(OR(C202=54,C202=67,C202=10,C202=16,C202=6,C202=12,C202=28),"Aggregate","Individual") -> Aggregate
A203: 1 | B203: Diesel Bowser | C203: DB-007 | D203: 720.0008 | E203: 448.9174 | F203: 11.3823 | G203: 1.1362 | H203: 271.0834 | I203: 2.1063 | J203: 437.5351 | K203: 13.8585 | L203: 1.1362 | M203: 15.9648 | N203: 17.101 | O203: 0.6234957 | P203: 0.0025309779 | Q203: 0 | R203: 0 | S203: 0 | T203: 0 | U203: =T203*V203 -> 0 | V203: 0 | W203: 899.37 | X203: 52.591661 | Y203: 59.754646 | Z203: 839.61535 | AA203: 0 | AB203: 0 | AC203: =IF(OR(TRIM(B203)="Tipper",TRIM(B203)="Volvo",TRIM(B203)="Bharatbenz"),"Tipper",IF(OR(TRIM(B203)="Dumper",TRIM(B203)="Sany",TRIM(B203)="Komatsu"),"Dumper",IF(TRIM(B203)="Excavator","Excavator",IF(OR(TRIM(B203)="Front End Loader",TRIM(B203)="Fel"),"Front End Loader",IF(OR(TRIM(B203)="Surface Miner",TRIM(B203)="Csm"),"Surface Miner",IF(TRIM(B203)="Diesel Bowser","Diesel Bowser","Other")))))) -> Diesel Bowser | AD203: =IF(E203=0,"Non-Operational","Operational") -> Operational | AE203: =IF(OR(C203=54,C203=67,C203=10,C203=16,C203=6,C203=12,C203=28),"Aggregate","Individual") -> Individual
A204: 2 | B204: Diesel Bowser | C204: DB-008 | D204: 720.0014 | E204: 481.2274 | F204: 145.3486 | G204: 112.097 | H204: 238.774 | I204: 11.3293 | J204: 335.8788 | K204: 3.3363 | L204: 112.097 | M204: 14.6656 | N204: 126.7626 | O204: 0.66837009 | P204: 0.23293977 | Q204: 0 | R204: 0 | S204: 0 | T204: 0 | U204: =T204*V204 -> 0 | V204: 0 | W204: 885.98 | X204: 6.9892855 | Y204: 783.47793 | Z204: 102.50207 | AA204: 0 | AB204: 0 | AC204: =IF(OR(TRIM(B204)="Tipper",TRIM(B204)="Volvo",TRIM(B204)="Bharatbenz"),"Tipper",IF(OR(TRIM(B204)="Dumper",TRIM(B204)="Sany",TRIM(B204)="Komatsu"),"Dumper",IF(TRIM(B204)="Excavator","Excavator",IF(OR(TRIM(B204)="Front End Loader",TRIM(B204)="Fel"),"Front End Loader",IF(OR(TRIM(B204)="Surface Miner",TRIM(B204)="Csm"),"Surface Miner",IF(TRIM(B204)="Diesel Bowser","Diesel Bowser","Other")))))) -> Diesel Bowser | AD204: =IF(E204=0,"Non-Operational","Operational") -> Operational | AE204: =IF(OR(C204=54,C204=67,C204=10,C204=16,C204=6,C204=12,C204=28),"Aggregate","Individual") -> Individual
A205: 3 | B205: Diesel Bowser | C205: DB-019 | D205: 720.0005 | E205: 385.3001 | F205: 47.4407 | G205: 45.3732 | H205: 334.7004 | I205: 4.0147 | J205: 337.8594 | K205: 1.9222 | L205: 45.3732 | M205: 5.9369 | N205: 51.3101 | O205: 0.53513866 | P205: 0.11776068 | Q205: 0 | R205: 0 | S205: 0 | T205: 0 | U205: =T205*V205 -> 0 | V205: 0 | W205: 643 | X205: 12.531646 | Y205: 568.60087 | Z205: 74.399128 | AA205: 0 | AB205: 0 | AC205: =IF(OR(TRIM(B205)="Tipper",TRIM(B205)="Volvo",TRIM(B205)="Bharatbenz"),"Tipper",IF(OR(TRIM(B205)="Dumper",TRIM(B205)="Sany",TRIM(B205)="Komatsu"),"Dumper",IF(TRIM(B205)="Excavator","Excavator",IF(OR(TRIM(B205)="Front End Loader",TRIM(B205)="Fel"),"Front End Loader",IF(OR(TRIM(B205)="Surface Miner",TRIM(B205)="Csm"),"Surface Miner",IF(TRIM(B205)="Diesel Bowser","Diesel Bowser","Other")))))) -> Diesel Bowser | AD205: =IF(E205=0,"Non-Operational","Operational") -> Operational | AE205: =IF(OR(C205=54,C205=67,C205=10,C205=16,C205=6,C205=12,C205=28),"Aggregate","Individual") -> Individual
A206: 4 | B206: Diesel Bowser | C206: DB-021 | D206: 720 | E206: 720 | F206: 720 | G206: 0 | H206: 0 | I206: 0 | J206: 0 | K206: 0 | L206: 0 | M206: 0 | N206: 0 | O206: 1 | P206: 0 | Q206: 0 | R206: 0 | S206: 0 | T206: 0 | U206: =T206*V206 -> 0 | V206: 0 | W206: 0 | X206: 0 | Y206: 0 | Z206: 0 | AA206: 0 | AB206: 0 | AC206: =IF(OR(TRIM(B206)="Tipper",TRIM(B206)="Volvo",TRIM(B206)="Bharatbenz"),"Tipper",IF(OR(TRIM(B206)="Dumper",TRIM(B206)="Sany",TRIM(B206)="Komatsu"),"Dumper",IF(TRIM(B206)="Excavator","Excavator",IF(OR(TRIM(B206)="Front End Loader",TRIM(B206)="Fel"),"Front End Loader",IF(OR(TRIM(B206)="Surface Miner",TRIM(B206)="Csm"),"Surface Miner",IF(TRIM(B206)="Diesel Bowser","Diesel Bowser","Other")))))) -> Diesel Bowser | AD206: =IF(E206=0,"Non-Operational","Operational") -> Operational | AE206: =IF(OR(C206=54,C206=67,C206=10,C206=16,C206=6,C206=12,C206=28),"Aggregate","Individual") -> Individual
A207: 5 | B207: Diesel Bowser | C207: DB-338 | D207: 720.0015 | E207: 556.0058 | F207: 79.9324 | G207: 78.8911 | H207: 163.9957 | I207: 32.5939 | J207: 476.0734 | K207: 19.667 | L207: 78.8911 | M207: 52.2609 | N207: 131.152 | O207: 0.77222867 | P207: 0.14188899 | Q207: 0 | R207: 0 | S207: 0 | T207: 0 | U207: =T207*V207 -> 0 | V207: 0 | W207: 1047.24 | X207: 7.9849335 | Y207: 629.94019 | Z207: 417.29981 | AA207: 0 | AB207: 0 | AC207: =IF(OR(TRIM(B207)="Tipper",TRIM(B207)="Volvo",TRIM(B207)="Bharatbenz"),"Tipper",IF(OR(TRIM(B207)="Dumper",TRIM(B207)="Sany",TRIM(B207)="Komatsu"),"Dumper",IF(TRIM(B207)="Excavator","Excavator",IF(OR(TRIM(B207)="Front End Loader",TRIM(B207)="Fel"),"Front End Loader",IF(OR(TRIM(B207)="Surface Miner",TRIM(B207)="Csm"),"Surface Miner",IF(TRIM(B207)="Diesel Bowser","Diesel Bowser","Other")))))) -> Diesel Bowser | AD207: =IF(E207=0,"Non-Operational","Operational") -> Operational | AE207: =IF(OR(C207=54,C207=67,C207=10,C207=16,C207=6,C207=12,C207=28),"Aggregate","Individual") -> Individual
A208: 6 | B208: Diesel Bowser | C208: DB-348 | D208: 720.0007 | E208: 336.2874 | F208: 174.726 | G208: 172.5882 | H208: 383.7133 | I208: 6.6942 | J208: 161.5614 | K208: 3.0519 | L208: 172.5882 | M208: 9.7461 | N208: 182.3343 | O208: 0.46706538 | P208: 0.51321637 | Q208: 0 | R208: 0 | S208: 0 | T208: 0 | U208: =T208*V208 -> 0 | V208: 0 | W208: 910.58 | X208: 4.9940137 | Y208: 861.90784 | Z208: 48.672157 | AA208: 0 | AB208: 0 | AC208: =IF(OR(TRIM(B208)="Tipper",TRIM(B208)="Volvo",TRIM(B208)="Bharatbenz"),"Tipper",IF(OR(TRIM(B208)="Dumper",TRIM(B208)="Sany",TRIM(B208)="Komatsu"),"Dumper",IF(TRIM(B208)="Excavator","Excavator",IF(OR(TRIM(B208)="Front End Loader",TRIM(B208)="Fel"),"Front End Loader",IF(OR(TRIM(B208)="Surface Miner",TRIM(B208)="Csm"),"Surface Miner",IF(TRIM(B208)="Diesel Bowser","Diesel Bowser","Other")))))) -> Diesel Bowser | AD208: =IF(E208=0,"Non-Operational","Operational") -> Operational | AE208: =IF(OR(C208=54,C208=67,C208=10,C208=16,C208=6,C208=12,C208=28),"Aggregate","Individual") -> Individual
A209: 8 | B209: Diesel Bowser | C209: 6 | D209: 720.00082 | E209: 487.95635 | F209: 196.47167 | G209: 68.347617 | H209: 232.04447 | I209: 9.4564 | J209: 291.48468 | K209: 6.97265 | L209: 68.347617 | M209: 16.42905 | N209: 84.776667 | O209: 0.67771638 | P209: 0.14006912 | Q209: 0 | R209: 0 | S209: 0 | T209: 0 | U209: =T209*V209 -> 0 | V209: 0 | W209: 877.234 | X209: 17.018308 | Y209: 580.7363 | Z209: 296.4977 | AA209: 0 | AB209: 0 | AC209: =IF(OR(TRIM(B209)="Tipper",TRIM(B209)="Volvo",TRIM(B209)="Bharatbenz"),"Tipper",IF(OR(TRIM(B209)="Dumper",TRIM(B209)="Sany",TRIM(B209)="Komatsu"),"Dumper",IF(TRIM(B209)="Excavator","Excavator",IF(OR(TRIM(B209)="Front End Loader",TRIM(B209)="Fel"),"Front End Loader",IF(OR(TRIM(B209)="Surface Miner",TRIM(B209)="Csm"),"Surface Miner",IF(TRIM(B209)="Diesel Bowser","Diesel Bowser","Other")))))) -> Diesel Bowser | AD209: =IF(E209=0,"Non-Operational","Operational") -> Operational | AE209: =IF(OR(C209=54,C209=67,C209=10,C209=16,C209=6,C209=12,C209=28),"Aggregate","Individual") -> Aggregate

Sheet Executive Summary
A1: TALABIRA MINE – FMS PERFORMANCE ANALYSIS | APRIL 2025
A2: Adani Natural Resources | Fleet Management System (FMS) Data
A4: FLEET PERFORMANCE SNAPSHOT – APRIL 2025 (All values = Raw Data formulas)
A5: Equipment Group | B5: Total Units | C5: Operational | D5: Non-Op | E5: Avg Avail % | F5: Avg Util % | G5: Total Diesel (L) | H5: OB CUM (m³) | I5: ROM (Tonnes) | J5: Avg Idle Hrs/Unit | K5: Avg Brkdn Hrs/Unit
A6: Tipper | B6: =COUNTIFS('Raw Data'!AC:AC,$A6,'Raw Data'!AE:AE,"Individual") -> 66 | C6: =COUNTIFS('Raw Data'!AC:AC,$A6,'Raw Data'!AD:AD,"Operational",'Raw Data'!AE:AE,"Individual") -> 62 | D6: =B6-C6 -> 4 | E6: =IFERROR(AVERAGEIFS('Raw Data'!O:O,'Raw Data'!AC:AC,$A6,'Raw Data'!AD:AD,"Operational",'Raw Data'!AE:AE,"Individual"),0) -> 0.6335626 | F6: =IFERROR(AVERAGEIFS('Raw Data'!P:P,'Raw Data'!AC:AC,$A6,'Raw Data'!AD:AD,"Operational",'Raw Data'!AE:AE,"Individual"),0) -> 0.45551442 | G6: =SUMIFS('Raw Data'!W:W,'Raw Data'!AC:AC,$A6,'Raw Data'!AE:AE,"Individual") -> 189994.42 | H6: =SUMIFS('Raw Data'!U:U,'Raw Data'!AC:AC,$A6,'Raw Data'!AE:AE,"Individual") -> 11635 | I6: =SUMIFS('Raw Data'!R:R,'Raw Data'!AC:AC,$A6,'Raw Data'!AE:AE,"Individual") -> 1007304.3 | J6: =IFERROR(AVERAGEIFS('Raw Data'!J:J,'Raw Data'!AC:AC,$A6,'Raw Data'!AE:AE,"Individual"),0) -> 218.9115 | K6: =IFERROR(AVERAGEIFS('Raw Data'!H:H,'Raw Data'!AC:AC,$A6,'Raw Data'!AE:AE,"Individual"),0) -> 291.31556
A7: Dumper | B7: =COUNTIFS('Raw Data'!AC:AC,$A7,'Raw Data'!AE:AE,"Individual") -> 77 | C7: =COUNTIFS('Raw Data'!AC:AC,$A7,'Raw Data'!AD:AD,"Operational",'Raw Data'!AE:AE,"Individual") -> 75 | D7: =B7-C7 -> 2 | E7: =IFERROR(AVERAGEIFS('Raw Data'!O:O,'Raw Data'!AC:AC,$A7,'Raw Data'!AD:AD,"Operational",'Raw Data'!AE:AE,"Individual"),0) -> 0.60892491 | F7: =IFERROR(AVERAGEIFS('Raw Data'!P:P,'Raw Data'!AC:AC,$A7,'Raw Data'!AD:AD,"Operational",'Raw Data'!AE:AE,"Individual"),0) -> 0.81832106 | G7: =SUMIFS('Raw Data'!W:W,'Raw Data'!AC:AC,$A7,'Raw Data'!AE:AE,"Individual") -> 561685.83 | H7: =SUMIFS('Raw Data'!U:U,'Raw Data'!AC:AC,$A7,'Raw Data'!AE:AE,"Individual") -> 1469194 | I7: =SUMIFS('Raw Data'!R:R,'Raw Data'!AC:AC,$A7,'Raw Data'!AE:AE,"Individual") -> 1935.3 | J7: =IFERROR(AVERAGEIFS('Raw Data'!J:J,'Raw Data'!AC:AC,$A7,'Raw Data'!AE:AE,"Individual"),0) -> 65.605114 | K7: =IFERROR(AVERAGEIFS('Raw Data'!H:H,'Raw Data'!AC:AC,$A7,'Raw Data'!AE:AE,"Individual"),0) -> 292.92408
A8: Excavator | B8: =COUNTIFS('Raw Data'!AC:AC,$A8,'Raw Data'!AE:AE,"Individual") -> 28 | C8: =COUNTIFS('Raw Data'!AC:AC,$A8,'Raw Data'!AD:AD,"Operational",'Raw Data'!AE:AE,"Individual") -> 27 | D8: =B8-C8 -> 1 | E8: =IFERROR(AVERAGEIFS('Raw Data'!O:O,'Raw Data'!AC:AC,$A8,'Raw Data'!AD:AD,"Operational",'Raw Data'!AE:AE,"Individual"),0) -> 0.57197432 | F8: =IFERROR(AVERAGEIFS('Raw Data'!P:P,'Raw Data'!AC:AC,$A8,'Raw Data'!AD:AD,"Operational",'Raw Data'!AE:AE,"Individual"),0) -> 0.82977058 | G8: =SUMIFS('Raw Data'!W:W,'Raw Data'!AC:AC,$A8,'Raw Data'!AE:AE,"Individual") -> 526974 | H8: =SUMIFS('Raw Data'!U:U,'Raw Data'!AC:AC,$A8,'Raw Data'!AE:AE,"Individual") -> 0 | I8: =SUMIFS('Raw Data'!R:R,'Raw Data'!AC:AC,$A8,'Raw Data'!AE:AE,"Individual") -> 0 | J8: =IFERROR(AVERAGEIFS('Raw Data'!J:J,'Raw Data'!AC:AC,$A8,'Raw Data'!AE:AE,"Individual"),0) -> 48.545346 | K8: =IFERROR(AVERAGEIFS('Raw Data'!H:H,'Raw Data'!AC:AC,$A8,'Raw Data'!AE:AE,"Individual"),0) -> 322.4354
A9: Front End Loader | B9: =COUNTIFS('Raw Data'!AC:AC,$A9,'Raw Data'!AE:AE,"Individual") -> 16 | C9: =COUNTIFS('Raw Data'!AC:AC,$A9,'Raw Data'!AD:AD,"Operational",'Raw Data'!AE:AE,"Individual") -> 15 | D9: =B9-C9 -> 1 | E9: =IFERROR(AVERAGEIFS('Raw Data'!O:O,'Raw Data'!AC:AC,$A9,'Raw Data'!AD:AD,"Operational",'Raw Data'!AE:AE,"Individual"),0) -> 0.69993885 | F9: =IFERROR(AVERAGEIFS('Raw Data'!P:P,'Raw Data'!AC:AC,$A9,'Raw Data'!AD:AD,"Operational",'Raw Data'!AE:AE,"Individual"),0) -> 0.49329136 | G9: =SUMIFS('Raw Data'!W:W,'Raw Data'!AC:AC,$A9,'Raw Data'!AE:AE,"Individual") -> 104808.78 | H9: =SUMIFS('Raw Data'!U:U,'Raw Data'!AC:AC,$A9,'Raw Data'!AE:AE,"Individual") -> 0 | I9: =SUMIFS('Raw Data'!R:R,'Raw Data'!AC:AC,$A9,'Raw Data'!AE:AE,"Individual") -> 0 | J9: =IFERROR(AVERAGEIFS('Raw Data'!J:J,'Raw Data'!AC:AC,$A9,'Raw Data'!AE:AE,"Individual"),0) -> 238.82705 | K9: =IFERROR(AVERAGEIFS('Raw Data'!H:H,'Raw Data'!AC:AC,$A9,'Raw Data'!AE:AE,"Individual"),0) -> 246.83226
A10: Surface Miner | B10: =COUNTIFS('Raw Data'!AC:AC,$A10,'Raw Data'!AE:AE,"Individual") -> 6 | C10: =COUNTIFS('Raw Data'!AC:AC,$A10,'Raw Data'!AD:AD,"Operational",'Raw Data'!AE:AE,"Individual") -> 5 | D10: =B10-C10 -> 1 | E10: =IFERROR(AVERAGEIFS('Raw Data'!O:O,'Raw Data'!AC:AC,$A10,'Raw Data'!AD:AD,"Operational",'Raw Data'!AE:AE,"Individual"),0) -> 0.52831484 | F10: =IFERROR(AVERAGEIFS('Raw Data'!P:P,'Raw Data'!AC:AC,$A10,'Raw Data'!AD:AD,"Operational",'Raw Data'!AE:AE,"Individual"),0) -> 0.88939929 | G10: =SUMIFS('Raw Data'!W:W,'Raw Data'!AC:AC,$A10,'Raw Data'!AE:AE,"Individual") -> 131057.1 | H10: =SUMIFS('Raw Data'!U:U,'Raw Data'!AC:AC,$A10,'Raw Data'!AE:AE,"Individual") -> 0 | I10: =SUMIFS('Raw Data'!R:R,'Raw Data'!AC:AC,$A10,'Raw Data'!AE:AE,"Individual") -> 0 | J10: =IFERROR(AVERAGEIFS('Raw Data'!J:J,'Raw Data'!AC:AC,$A10,'Raw Data'!AE:AE,"Individual"),0) -> 25.5958 | K10: =IFERROR(AVERAGEIFS('Raw Data'!H:H,'Raw Data'!AC:AC,$A10,'Raw Data'!AE:AE,"Individual"),0) -> 400.21868
A11: Diesel Bowser | B11: =COUNTIFS('Raw Data'!AC:AC,$A11,'Raw Data'!AE:AE,"Individual") -> 6 | C11: =COUNTIFS('Raw Data'!AC:AC,$A11,'Raw Data'!AD:AD,"Operational",'Raw Data'!AE:AE,"Individual") -> 6 | D11: =B11-C11 -> 0 | E11: =IFERROR(AVERAGEIFS('Raw Data'!O:O,'Raw Data'!AC:AC,$A11,'Raw Data'!AD:AD,"Operational",'Raw Data'!AE:AE,"Individual"),0) -> 0.67771641 | F11: =IFERROR(AVERAGEIFS('Raw Data'!P:P,'Raw Data'!AC:AC,$A11,'Raw Data'!AD:AD,"Operational",'Raw Data'!AE:AE,"Individual"),0) -> 0.16805613 | G11: =SUMIFS('Raw Data'!W:W,'Raw Data'!AC:AC,$A11,'Raw Data'!AE:AE,"Individual") -> 4386.17 | H11: =SUMIFS('Raw Data'!U:U,'Raw Data'!AC:AC,$A11,'Raw Data'!AE:AE,"Individual") -> 0 | I11: =SUMIFS('Raw Data'!R:R,'Raw Data'!AC:AC,$A11,'Raw Data'!AE:AE,"Individual") -> 0 | J11: =IFERROR(AVERAGEIFS('Raw Data'!J:J,'Raw Data'!AC:AC,$A11,'Raw Data'!AE:AE,"Individual"),0) -> 291.48468 | K11: =IFERROR(AVERAGEIFS('Raw Data'!H:H,'Raw Data'!AC:AC,$A11,'Raw Data'!AE:AE,"Individual"),0) -> 232.04447
A13: KEY PERFORMANCE INDICATORS
A14: Total Fleet | C14: Operational | E14: Fleet Avail % | G14: Fleet Util % | I14: Total Diesel (L)
A15: =COUNTIFS('Raw Data'!AE:AE,"Individual") -> 199 | C15: =COUNTIFS('Raw Data'!AD:AD,"Operational",'Raw Data'!AE:AE,"Individual") -> 190 | E15: =IFERROR(AVERAGEIFS('Raw Data'!O:O,'Raw Data'!AD:AD,"Operational",'Raw Data'!AE:AE,"Individual"),0) -> 0.61895006 | G15: =IFERROR(AVERAGEIFS('Raw Data'!P:P,'Raw Data'!AD:AD,"Operational",'Raw Data'!AE:AE,"Individual"),0) -> 0.65723412 | I15: =SUMIFS('Raw Data'!W:W,'Raw Data'!AE:AE,"Individual") -> 1518906.3
A17: Total OB CUM | C17: Total ROM (T) | E17: Total Idle Hrs | G17: Non-Op Units | I17: Total Brkdn Hrs
A18: =SUMIFS('Raw Data'!U:U,'Raw Data'!AE:AE,"Individual") -> 1480829 | C18: =SUMIFS('Raw Data'!R:R,'Raw Data'!AE:AE,"Individual") -> 1009239.6 | E18: =SUMIFS('Raw Data'!J:J,'Raw Data'!AE:AE,"Individual") -> 26582.738 | G18: =COUNTIFS('Raw Data'!AD:AD,"Non-Operational",'Raw Data'!AE:AE,"Individual") -> 9 | I18: =SUMIFS('Raw Data'!H:H,'Raw Data'!AE:AE,"Individual") -> 58553.067
A23: DATA NOTES
A24: • All values = SUMIFS/AVERAGEIFS/COUNTIFS formulas linked to Raw Data sheet.
A25: • Helper columns AC (Equip Group), AD (Status), AE (Row Type) in Raw Data power all lookups.
A26: • April 2025: 720 shift hrs (30 days). Normalise per-day when comparing months.

Sheet Avail & Utilization
A1: AVAILABILITY & UTILIZATION | APRIL 2025 — Values from Raw Data formulas
A3: Equipment ID pre-populated | All other columns = INDEX/MATCH from Raw Data
A4: Equip Group | B4: Equipment ID | C4: Shift Hrs | D4: Avail Hrs | E4: Breakdown Hrs | F4: Idle Hrs | G4: Availability % | H4: Utilization % | I4: Status
A5: Dumper
A6: =IFERROR(INDEX('Raw Data'!AC:AC,MATCH($B6,'Raw Data'!$C:$C,0)),"") -> Dumper | B6: S-382 | C6: =IFERROR(INDEX('Raw Data'!D:D,MATCH($B6,'Raw Data'!$C:$C,0)),"-") -> 720.0002 | D6: =IFERROR(INDEX('Raw Data'!E:E,MATCH($B6,'Raw Data'!$C:$C,0)),"-") -> 660.5691 | E6: =IFERROR(INDEX('Raw Data'!H:H,MATCH($B6,'Raw Data'!$C:$C,0)),"-") -> 59.4311 | F6: =IFERROR(INDEX('Raw Data'!J:J,MATCH($B6,'Raw Data'!$C:$C,0)),"-") -> 76.0676 | G6: =IFERROR(INDEX('Raw Data'!O:O,MATCH($B6,'Raw Data'!$C:$C,0)),"-") -> 0.91745683 | H6: =IFERROR(INDEX('Raw Data'!P:P,MATCH($B6,'Raw Data'!$C:$C,0)),"-") -> 0.86978062 | I6: =IFERROR(INDEX('Raw Data'!AD:AD,MATCH($B6,'Raw Data'!$C:$C,0)),"-") -> Operational
A7: =IFERROR(INDEX('Raw Data'!AC:AC,MATCH($B7,'Raw Data'!$C:$C,0)),"") -> Dumper | B7: S-371 | C7: =IFERROR(INDEX('Raw Data'!D:D,MATCH($B7,'Raw Data'!$C:$C,0)),"-") -> 720.0002 | D7: =IFERROR(INDEX('Raw Data'!E:E,MATCH($B7,'Raw Data'!$C:$C,0)),"-") -> 656.9704 | E7: =IFERROR(INDEX('Raw Data'!H:H,MATCH($B7,'Raw Data'!$C:$C,0)),"-") -> 63.0298 | F7: =IFERROR(INDEX('Raw Data'!J:J,MATCH($B7,'Raw Data'!$C:$C,0)),"-") -> 77.2461 | G7: =IFERROR(INDEX('Raw Data'!O:O,MATCH($B7,'Raw Data'!$C:$C,0)),"-") -> 0.91245864 | H7: =IFERROR(INDEX('Raw Data'!P:P,MATCH($B7,'Raw Data'!$C:$C,0)),"-") -> 0.86720985 | I7: =IFERROR(INDEX('Raw Data'!AD:AD,MATCH($B7,'Raw Data'!$C:$C,0)),"-") -> Operational
A8: =IFERROR(INDEX('Raw Data'!AC:AC,MATCH($B8,'Raw Data'!$C:$C,0)),"") -> Dumper | B8: K-004 | C8: =IFERROR(INDEX('Raw Data'!D:D,MATCH($B8,'Raw Data'!$C:$C,0)),"-") -> 720.0003 | D8: =IFERROR(INDEX('Raw Data'!E:E,MATCH($B8,'Raw Data'!$C:$C,0)),"-") -> 654.6692 | E8: =IFERROR(INDEX('Raw Data'!H:H,MATCH($B8,'Raw Data'!$C:$C,0)),"-") -> 65.3311 | F8: =IFERROR(INDEX('Raw Data'!J:J,MATCH($B8,'Raw Data'!$C:$C,0)),"-") -> 572.9036 | G8: =IFERROR(INDEX('Raw Data'!O:O,MATCH($B8,'Raw Data'!$C:$C,0)),"-") -> 0.9092624 | H8: =IFERROR(INDEX('Raw Data'!P:P,MATCH($B8,'Raw Data'!$C:$C,0)),"-") -> 0.12428155 | I8: =IFERROR(INDEX('Raw Data'!AD:AD,MATCH($B8,'Raw Data'!$C:$C,0)),"-") -> Operational
A9: =IFERROR(INDEX('Raw Data'!AC:AC,MATCH($B9,'Raw Data'!$C:$C,0)),"") -> Dumper | B9: S-386 | C9: =IFERROR(INDEX('Raw Data'!D:D,MATCH($B9,'Raw Data'!$C:$C,0)),"-") -> 719.9992 | D9: =IFERROR(INDEX('Raw Data'!E:E,MATCH($B9,'Raw Data'!$C:$C,0)),"-") -> 651.4783 | E9: =IFERROR(INDEX('Raw Data'!H:H,MATCH($B9,'Raw Data'!$C:$C,0)),"-") -> 68.5209 | F9: =IFERROR(INDEX('Raw Data'!J:J,MATCH($B9,'Raw Data'!$C:$C,0)),"-") -> 76.2798 | G9: =IFERROR(INDEX('Raw Data'!O:O,MATCH($B9,'Raw Data'!$C:$C,0)),"-") -> 0.90483198 | H9: =IFERROR(INDEX('Raw Data'!P:P,MATCH($B9,'Raw Data'!$C:$C,0)),"-") -> 0.86610498 | I9: =IFERROR(INDEX('Raw Data'!AD:AD,MATCH($B9,'Raw Data'!$C:$C,0)),"-") -> Operational
A10: =IFERROR(INDEX('Raw Data'!AC:AC,MATCH($B10,'Raw Data'!$C:$C,0)),"") -> Dumper | B10: S-405 | C10: =IFERROR(INDEX('Raw Data'!D:D,MATCH($B10,'Raw Data'!$C:$C,0)),"-") -> 720.0012 | D10: =IFERROR(INDEX('Raw Data'!E:E,MATCH($B10,'Raw Data'!$C:$C,0)),"-") -> 650.2439 | E10: =IFERROR(INDEX('Raw Data'!H:H,MATCH($B10,'Raw Data'!$C:$C,0)),"-") -> 69.7573 | F10: =IFERROR(INDEX('Raw Data'!J:J,MATCH($B10,'Raw Data'!$C:$C,0)),"-") -> 359.0569 | G10: =IFERROR(INDEX('Raw Data'!O:O,MATCH($B10,'Raw Data'!$C:$C,0)),"-") -> 0.90311502 | H10: =IFERROR(INDEX('Raw Data'!P:P,MATCH($B10,'Raw Data'!$C:$C,0)),"-") -> 0.44415872 | I10: =IFERROR(INDEX('Raw Data'!AD:AD,MATCH($B10,'Raw Data'!$C:$C,0)),"-") -> Operational
A11: =IFERROR(INDEX('Raw Data'!AC:AC,MATCH($B11,'Raw Data'!$C:$C,0)),"") -> Dumper | B11: S-256 | C11: =IFERROR(INDEX('Raw Data'!D:D,MATCH($B11,'Raw Data'!$C:$C,0)),"-") -> 720.0007 | D11: =IFERROR(INDEX('Raw Data'!E:E,MATCH($B11,'Raw Data'!$C:$C,0)),"-") -> 638.3469 | E11: =IFERROR(INDEX('Raw Data'!H:H,MATCH($B11,'Raw Data'!$C:$C,0)),"-") -> 81.6538 | F11: =IFERROR(INDEX('Raw Data'!J:J,MATCH($B11,'Raw Data'!$C:$C,0)),"-") -> 76.5306 | G11: =IFERROR(INDEX('Raw Data'!O:O,MATCH($B11,'Raw Data'!$C:$C,0)),"-") -> 0.88659205 | H11: =IFERROR(INDEX('Raw Data'!P:P,MATCH($B11,'Raw Data'!$C:$C,0)),"-") -> 0.86366754 | I11: =IFERROR(INDEX('Raw Data'!AD:AD,MATCH($B11,'Raw Data'!$C:$C,0)),"-") -> Operational
A12: =IFERROR(INDEX('Raw Data'!AC:AC,MATCH($B12,'Raw Data'!$C:$C,0)),"") -> Dumper | B12: K-002 | C12: =IFERROR(INDEX('Raw Data'!D:D,MATCH($B12,'Raw Data'!$C:$C,0)),"-") -> 720.0002 | D12: =IFERROR(INDEX('Raw Data'!E:E,MATCH($B12,'Raw Data'!$C:$C,0)),"-") -> 635.912 | E12: =IFERROR(INDEX('Raw Data'!H:H,MATCH($B12,'Raw Data'!$C:$C,0)),"-") -> 84.0882 | F12: =IFERROR(INDEX('Raw Data'!J:J,MATCH($B12,'Raw Data'!$C:$C,0)),"-") -> 75.2487 | G12: =IFERROR(INDEX('Raw Data'!O:O,MATCH($B12,'Raw Data'!$C:$C,0)),"-") -> 0.88321087 | H12: =IFERROR(INDEX('Raw Data'!P:P,MATCH($B12,'Raw Data'!$C:$C,0)),"-") -> 0.8714525 | I12: =IFERROR(INDEX('Raw Data'!AD:AD,MATCH($B12,'Raw Data'!$C:$C,0)),"-") -> Operational
A13: =IFERROR(INDEX('Raw Data'!AC:AC,MATCH($B13,'Raw Data'!$C:$C,0)),"") -> Dumper | B13: S-258 | C13: =IFERROR(INDEX('Raw Data'!D:D,MATCH($B13,'Raw Data'!$C:$C,0)),"-") -> 720 | D13: =IFERROR(INDEX('Raw Data'!E:E,MATCH($B13,'Raw Data'!$C:$C,0)),"-") -> 630.8695 | E13: =IFERROR(INDEX('Raw Data'!H:H,MATCH($B13,'Raw Data'!$C:$C,0)),"-") -> 89.1305 | F13: =IFERROR(INDEX('Raw Data'!J:J,MATCH($B13,'Raw Data'!$C:$C,0)),"-") -> 73.2769 | G13: =IFERROR(INDEX('Raw Data'!O:O,MATCH($B13,'Raw Data'!$C:$C,0)),"-") -> 0.87620764 | H13: =IFERROR(INDEX('Raw Data'!P:P,MATCH($B13,'Raw Data'!$C:$C,0)),"-") -> 0.86799822 | I13: =IFERROR(INDEX('Raw Data'!AD:AD,MATCH($B13,'Raw Data'!$C:$C,0)),"-") -> Operational
A14: =IFERROR(INDEX('Raw Data'!AC:AC,MATCH($B14,'Raw Data'!$C:$C,0)),"") -> Dumper | B14: S-387 | C14: =IFERROR(INDEX('Raw Data'!D:D,MATCH($B14,'Raw Data'!$C:$C,0)),"-") -> 719.9991 | D14: =IFERROR(INDEX('Raw Data'!E:E,MATCH($B14,'Raw Data'!$C:$C,0)),"-") -> 628.7337 | E14: =IFERROR(INDEX('Raw Data'!H:H,MATCH($B14,'Raw Data'!$C:$C,0)),"-") -> 91.2654 | F14: =IFERROR(INDEX('Raw Data'!J:J,MATCH($B14,'Raw Data'!$C:$C,0)),"-") -> 77.3657 | G14: =IFERROR(INDEX('Raw Data'!O:O,MATCH($B14,'Raw Data'!$C:$C,0)),"-") -> 0.87324234 | H14: =IFERROR(INDEX('Raw Data'!P:P,MATCH($B14,'Raw Data'!$C:$C,0)),"-") -> 0.8568615 | I14: =IFERROR(INDEX('Raw Data'!AD:AD,MATCH($B14,'Raw Data'!$C:$C,0)),"-") -> Operational
A15: =IFERROR(INDEX('Raw Data'!AC:AC,MATCH($B15,'Raw Data'!$C:$C,0)),"") -> Dumper | B15: S-255 | C15: =IFERROR(INDEX('Raw Data'!D:D,MATCH($B15,'Raw Data'!$C:$C,0)),"-") -> 720 | D15: =IFERROR(INDEX('Raw Data'!E:E,MATCH($B15,'Raw Data'!$C:$C,0)),"-") -> 627.5058 | E15: =IFERROR(INDEX('Raw Data'!H:H,MATCH($B15,'Raw Data'!$C:$C,0)),"-") -> 92.4942 | F15: =IFERROR(INDEX('Raw Data'!J:J,MATCH($B15,'Raw Data'!$C:$C,0)),"-") -> 73.1541 | G15: =IFERROR(INDEX('Raw Data'!O:O,MATCH($B15,'Raw Data'!$C:$C,0)),"-") -> 0.87153583 | H15: =IFERROR(INDEX('Raw Data'!P:P,MATCH($B15,'Raw Data'!$C:$C,0)),"-") -> 0.87258237 | I15: =IFERROR(INDEX('Raw Data'!AD:AD,MATCH($B15,'Raw Data'!$C:$C,0)),"-") -> Operational
A16: =IFERROR(INDEX('Raw Data'!AC:AC,MATCH($B16,'Raw Data'!$C:$C,0)),"") -> Dumper | B16: S-251 | C16: =IFERROR(INDEX('Raw Data'!D:D,MATCH($B16,'Raw Data'!$C:$C,0)),"-") -> 720.0013 | D16: =IFERROR(INDEX('Raw Data'!E:E,MATCH($B16,'Raw Data'!$C:$C,0)),"-") -> 625.1047 | E16: =IFERROR(INDEX('Raw Data'!H:H,MATCH($B16,'Raw Data'!$C:$C,0)),"-") -> 94.8966 | F16: =IFERROR(INDEX('Raw Data'!J:J,MATCH($B16,'Raw Data'!$C:$C,0)),"-") -> 77.4485 | G16: =IFERROR(INDEX('Raw Data'!O:O,MATCH($B16,'Raw Data'!$C:$C,0)),"-") -> 0.8681994 | H16: =IFERROR(INDEX('Raw Data'!P:P,MATCH($B16,'Raw Data'!$C:$C,0)),"-") -> 0.8621039 | I16: =IFERROR(INDEX('Raw Data'!AD:AD,MATCH($B16,'Raw Data'!$C:$C,0)),"-") -> Operational
A17: =IFERROR(INDEX('Raw Data'!AC:AC,MATCH($B17,'Raw Data'!$C:$C,0)),"") -> Dumper | B17: S-250 | C17: =IFERROR(INDEX('Raw Data'!D:D,MATCH($B17,'Raw Data'!$C:$C,0)),"-") -> 720 | D17: =IFERROR(INDEX('Raw Data'!E:E,MATCH($B17,'Raw Data'!$C:$C,0)),"-") -> 623.4527 | E17: =IFERROR(INDEX('Raw Data'!H:H,MATCH($B17,'Raw Data'!$C:$C,0)),"-") -> 96.5473 | F17: =IFERROR(INDEX('Raw Data'!J:J,MATCH($B17,'Raw Data'!$C:$C,0)),"-") -> 126.0334 | G17: =IFERROR(INDEX('Raw Data'!O:O,MATCH($B17,'Raw Data'!$C:$C,0)),"-") -> 0.86590653 | H17: =IFERROR(INDEX('Raw Data'!P:P,MATCH($B17,'Raw Data'!$C:$C,0)),"-") -> 0.78502828 | I17: =IFERROR(INDEX('Raw Data'!AD:AD,MATCH($B17,'Raw Data'!$C:$C,0)),"-") -> Operational
... A82: =IFERROR(INDEX('Raw Data'!AC:AC,MATCH($B82,'Raw Data'!$C:$C,0)),"") -> Dumper | B82: S-373 | C82: =IFERROR(INDEX('Raw Data'!D:D,MATCH($B82,'Raw Data'!$C:$C,0)),"-") -> 720 | D82: =IFERROR(INDEX('Raw Data'!E:E,MATCH($B82,'Raw Data'!$C:$C,0)),"-") -> 0 | E82: =IFERROR(INDEX('Raw Data'!H:H,MATCH($B82,'Raw Data'!$C:$C,0)),"-") -> 720 | F82: =IFERROR(INDEX('Raw Data'!J:J,MATCH($B82,'Raw Data'!$C:$C,0)),"-") -> 0 | G82: =IFERROR(INDEX('Raw Data'!O:O,MATCH($B82,'Raw Data'!$C:$C,0)),"-") -> 0 | H82: =IFERROR(INDEX('Raw Data'!P:P,MATCH($B82,'Raw Data'!$C:$C,0)),"-") -> 0 | I82: =IFERROR(INDEX('Raw Data'!AD:AD,MATCH($B82,'Raw Data'!$C:$C,0)),"-") -> Non-Operational
A83: Excavator
A84: =IFERROR(INDEX('Raw Data'!AC:AC,MATCH($B84,'Raw Data'!$C:$C,0)),"") -> Excavator | B84: EX-001 | C84: =IFERROR(INDEX('Raw Data'!D:D,MATCH($B84,'Raw Data'!$C:$C,0)),"-") -> 719.9997 | D84: =IFERROR(INDEX('Raw Data'!E:E,MATCH($B84,'Raw Data'!$C:$C,0)),"-") -> 694.4921 | E84: =IFERROR(INDEX('Raw Data'!H:H,MATCH($B84,'Raw Data'!$C:$C,0)),"-") -> 25.5076 | F84: =IFERROR(INDEX('Raw Data'!J:J,MATCH($B84,'Raw Data'!$C:$C,0)),"-") -> 57.0951 | G84: =IFERROR(INDEX('Raw Data'!O:O,MATCH($B84,'Raw Data'!$C:$C,0)),"-") -> 0.96457276 | H84: =IFERROR(INDEX('Raw Data'!P:P,MATCH($B84,'Raw Data'!$C:$C,0)),"-") -> 0.88759915 | I84: =IFERROR(INDEX('Raw Data'!AD:AD,MATCH($B84,'Raw Data'!$C:$C,0)),"-") -> Operational
A85: =IFERROR(INDEX('Raw Data'!AC:AC,MATCH($B85,'Raw Data'!$C:$C,0)),"") -> Excavator | B85: EX-148 | C85: =IFERROR(INDEX('Raw Data'!D:D,MATCH($B85,'Raw Data'!$C:$C,0)),"-") -> 719.9995 | D85: =IFERROR(INDEX('Raw Data'!E:E,MATCH($B85,'Raw Data'!$C:$C,0)),"-") -> 685.2531 | E85: =IFERROR(INDEX('Raw Data'!H:H,MATCH($B85,'Raw Data'!$C:$C,0)),"-") -> 34.7464 | F85: =IFERROR(INDEX('Raw Data'!J:J,MATCH($B85,'Raw Data'!$C:$C,0)),"-") -> 75.0922 | G85: =IFERROR(INDEX('Raw Data'!O:O,MATCH($B85,'Raw Data'!$C:$C,0)),"-") -> 0.95174108 | H85: =IFERROR(INDEX('Raw Data'!P:P,MATCH($B85,'Raw Data'!$C:$C,0)),"-") -> 0.86501557 | I85: =IFERROR(INDEX('Raw Data'!AD:AD,MATCH($B85,'Raw Data'!$C:$C,0)),"-") -> Operational
A86: =IFERROR(INDEX('Raw Data'!AC:AC,MATCH($B86,'Raw Data'!$C:$C,0)),"") -> Excavator | B86: EX-164 | C86: =IFERROR(INDEX('Raw Data'!D:D,MATCH($B86,'Raw Data'!$C:$C,0)),"-") -> 720.0004 | D86: =IFERROR(INDEX('Raw Data'!E:E,MATCH($B86,'Raw Data'!$C:$C,0)),"-") -> 684.2501 | E86: =IFERROR(INDEX('Raw Data'!H:H,MATCH($B86,'Raw Data'!$C:$C,0)),"-") -> 35.7503 | F86: =IFERROR(INDEX('Raw Data'!J:J,MATCH($B86,'Raw Data'!$C:$C,0)),"-") -> 489.7453 | G86: =IFERROR(INDEX('Raw Data'!O:O,MATCH($B86,'Raw Data'!$C:$C,0)),"-") -> 0.95034683 | H86: =IFERROR(INDEX('Raw Data'!P:P,MATCH($B86,'Raw Data'!$C:$C,0)),"-") -> 0.2737955 | I86: =IFERROR(INDEX('Raw Data'!AD:AD,MATCH($B86,'Raw Data'!$C:$C,0)),"-") -> Operational
A87: =IFERROR(INDEX('Raw Data'!AC:AC,MATCH($B87,'Raw Data'!$C:$C,0)),"") -> Excavator | B87: EX-205 | C87: =IFERROR(INDEX('Raw Data'!D:D,MATCH($B87,'Raw Data'!$C:$C,0)),"-") -> 719.9995 | D87: =IFERROR(INDEX('Raw Data'!E:E,MATCH($B87,'Raw Data'!$C:$C,0)),"-") -> 675.0076 | E87: =IFERROR(INDEX('Raw Data'!H:H,MATCH($B87,'Raw Data'!$C:$C,0)),"-") -> 44.9919 | F87: =IFERROR(INDEX('Raw Data'!J:J,MATCH($B87,'Raw Data'!$C:$C,0)),"-") -> 60.6157 | G87: =IFERROR(INDEX('Raw Data'!O:O,MATCH($B87,'Raw Data'!$C:$C,0)),"-") -> 0.93751121 | H87: =IFERROR(INDEX('Raw Data'!P:P,MATCH($B87,'Raw Data'!$C:$C,0)),"-") -> 0.88532114 | I87: =IFERROR(INDEX('Raw Data'!AD:AD,MATCH($B87,'Raw Data'!$C:$C,0)),"-") -> Operational
A88: =IFERROR(INDEX('Raw Data'!AC:AC,MATCH($B88,'Raw Data'!$C:$C,0)),"") -> Excavator | B88: EX-197 | C88: =IFERROR(INDEX('Raw Data'!D:D,MATCH($B88,'Raw Data'!$C:$C,0)),"-") -> 719.9997 | D88: =IFERROR(INDEX('Raw Data'!E:E,MATCH($B88,'Raw Data'!$C:$C,0)),"-") -> 658.1672 | E88: =IFERROR(INDEX('Raw Data'!H:H,MATCH($B88,'Raw Data'!$C:$C,0)),"-") -> 61.8325 | F88: =IFERROR(INDEX('Raw Data'!J:J,MATCH($B88,'Raw Data'!$C:$C,0)),"-") -> 72.5534 | G88: =IFERROR(INDEX('Raw Data'!O:O,MATCH($B88,'Raw Data'!$C:$C,0)),"-") -> 0.91412149 | H88: =IFERROR(INDEX('Raw Data'!P:P,MATCH($B88,'Raw Data'!$C:$C,0)),"-") -> 0.86506605 | I88: =IFERROR(INDEX('Raw Data'!AD:AD,MATCH($B88,'Raw Data'!$C:$C,0)),"-") -> Operational
A89: =IFERROR(INDEX('Raw Data'!AC:AC,MATCH($B89,'Raw Data'!$C:$C,0)),"") -> Excavator | B89: EX-201 | C89: =IFERROR(INDEX('Raw Data'!D:D,MATCH($B89,'Raw Data'!$C:$C,0)),"-") -> 719.9978 | D89: =IFERROR(INDEX('Raw Data'!E:E,MATCH($B89,'Raw Data'!$C:$C,0)),"-") -> 650.1805 | E89: =IFERROR(INDEX('Raw Data'!H:H,MATCH($B89,'Raw Data'!$C:$C,0)),"-") -> 69.8173 | F89: =IFERROR(INDEX('Raw Data'!J:J,MATCH($B89,'Raw Data'!$C:$C,0)),"-") -> 75.5595 | G89: =IFERROR(INDEX('Raw Data'!O:O,MATCH($B89,'Raw Data'!$C:$C,0)),"-") -> 0.90303123 | H89: =IFERROR(INDEX('Raw Data'!P:P,MATCH($B89,'Raw Data'!$C:$C,0)),"-") -> 0.8606467 | I89: =IFERROR(INDEX('Raw Data'!AD:AD,MATCH($B89,'Raw Data'!$C:$C,0)),"-") -> Operational
A90: =IFERROR(INDEX('Raw Data'!AC:AC,MATCH($B90,'Raw Data'!$C:$C,0)),"") -> Excavator | B90: EX-110 | C90: =IFERROR(INDEX('Raw Data'!D:D,MATCH($B90,'Raw Data'!$C:$C,0)),"-") -> 720.0005 | D90: =IFERROR(INDEX('Raw Data'!E:E,MATCH($B90,'Raw Data'!$C:$C,0)),"-") -> 629.496 | E90: =IFERROR(INDEX('Raw Data'!H:H,MATCH($B90,'Raw Data'!$C:$C,0)),"-") -> 90.5045 | F90: =IFERROR(INDEX('Raw Data'!J:J,MATCH($B90,'Raw Data'!$C:$C,0)),"-") -> 41.6722 | G90: =IFERROR(INDEX('Raw Data'!O:O,MATCH($B90,'Raw Data'!$C:$C,0)),"-") -> 0.87429939 | H90: =IFERROR(INDEX('Raw Data'!P:P,MATCH($B90,'Raw Data'!$C:$C,0)),"-") -> 0.90347516 | I90: =IFERROR(INDEX('Raw Data'!AD:AD,MATCH($B90,'Raw Data'!$C:$C,0)),"-") -> Operational
A91: =IFERROR(INDEX('Raw Data'!AC:AC,MATCH($B91,'Raw Data'!$C:$C,0)),"") -> Excavator | B91: EX-161 | C91: =IFERROR(INDEX('Raw Data'!D:D,MATCH($B91,'Raw Data'!$C:$C,0)),"-") -> 720 | D91: =IFERROR(INDEX('Raw Data'!E:E,MATCH($B91,'Raw Data'!$C:$C,0)),"-") -> 629.0516 | E91: =IFERROR(INDEX('Raw Data'!H:H,MATCH($B91,'Raw Data'!$C:$C,0)),"-") -> 90.9484 | F91: =IFERROR(INDEX('Raw Data'!J:J,MATCH($B91,'Raw Data'!$C:$C,0)),"-") -> 77.6967 | G91: =IFERROR(INDEX('Raw Data'!O:O,MATCH($B91,'Raw Data'!$C:$C,0)),"-") -> 0.87368278 | H91: =IFERROR(INDEX('Raw Data'!P:P,MATCH($B91,'Raw Data'!$C:$C,0)),"-") -> 0.8490286 | I91: =IFERROR(INDEX('Raw Data'!AD:AD,MATCH($B91,'Raw Data'!$C:$C,0)),"-") -> Operational
A92: =IFERROR(INDEX('Raw Data'!AC:AC,MATCH($B92,'Raw Data'!$C:$C,0)),"") -> Excavator | B92: EX-117 | C92: =IFERROR(INDEX('Raw Data'!D:D,MATCH($B92,'Raw Data'!$C:$C,0)),"-") -> 719.9994 | D92: =IFERROR(INDEX('Raw Data'!E:E,MATCH($B92,'Raw Data'!$C:$C,0)),"-") -> 604.0767 | E92: =IFERROR(INDEX('Raw Data'!H:H,MATCH($B92,'Raw Data'!$C:$C,0)),"-") -> 115.9227 | F92: =IFERROR(INDEX('Raw Data'!J:J,MATCH($B92,'Raw Data'!$C:$C,0)),"-") -> 31.6394 | G92: =IFERROR(INDEX('Raw Data'!O:O,MATCH($B92,'Raw Data'!$C:$C,0)),"-") -> 0.83899612 | H92: =IFERROR(INDEX('Raw Data'!P:P,MATCH($B92,'Raw Data'!$C:$C,0)),"-") -> 0.91216149 | I92: =IFERROR(INDEX('Raw Data'!AD:AD,MATCH($B92,'Raw Data'!$C:$C,0)),"-") -> Operational
A93: =IFERROR(INDEX('Raw Data'!AC:AC,MATCH($B93,'Raw Data'!$C:$C,0)),"") -> Excavator | B93: EX-140 | C93: =IFERROR(INDEX('Raw Data'!D:D,MATCH($B93,'Raw Data'!$C:$C,0)),"-") -> 720.0005 | D93: =IFERROR(INDEX('Raw Data'!E:E,MATCH($B93,'Raw Data'!$C:$C,0)),"-") -> 568.3977 | E93: =IFERROR(INDEX('Raw Data'!H:H,MATCH($B93,'Raw Data'!$C:$C,0)),"-") -> 151.6028 | F93: =IFERROR(INDEX('Raw Data'!J:J,MATCH($B93,'Raw Data'!$C:$C,0)),"-") -> 37.0766 | G93: =IFERROR(INDEX('Raw Data'!O:O,MATCH($B93,'Raw Data'!$C:$C,0)),"-") -> 0.7894407 | H93: =IFERROR(INDEX('Raw Data'!P:P,MATCH($B93,'Raw Data'!$C:$C,0)),"-") -> 0.90240267 | I93: =IFERROR(INDEX('Raw Data'!AD:AD,MATCH($B93,'Raw Data'!$C:$C,0)),"-") -> Operational
A94: =IFERROR(INDEX('Raw Data'!AC:AC,MATCH($B94,'Raw Data'!$C:$C,0)),"") -> Excavator | B94: EX-124 | C94: =IFERROR(INDEX('Raw Data'!D:D,MATCH($B94,'Raw Data'!$C:$C,0)),"-") -> 719.9997 | D94: =IFERROR(INDEX('Raw Data'!E:E,MATCH($B94,'Raw Data'!$C:$C,0)),"-") -> 549.8429 | E94: =IFERROR(INDEX('Raw Data'!H:H,MATCH($B94,'Raw Data'!$C:$C,0)),"-") -> 170.1568 | F94: =IFERROR(INDEX('Raw Data'!J:J,MATCH($B94,'Raw Data'!$C:$C,0)),"-") -> 41.8444 | G94: =IFERROR(INDEX('Raw Data'!O:O,MATCH($B94,'Raw Data'!$C:$C,0)),"-") -> 0.76367101 | H94: =IFERROR(INDEX('Raw Data'!P:P,MATCH($B94,'Raw Data'!$C:$C,0)),"-") -> 0.8947974 | I94: =IFERROR(INDEX('Raw Data'!AD:AD,MATCH($B94,'Raw Data'!$C:$C,0)),"-") -> Operational
A95: =IFERROR(INDEX('Raw Data'!AC:AC,MATCH($B95,'Raw Data'!$C:$C,0)),"") -> Excavator | B95: EX-163 | C95: =IFERROR(INDEX('Raw Data'!D:D,MATCH($B95,'Raw Data'!$C:$C,0)),"-") -> 719.9988 | D95: =IFERROR(INDEX('Raw Data'!E:E,MATCH($B95,'Raw Data'!$C:$C,0)),"-") -> 514.3793 | E95: =IFERROR(INDEX('Raw Data'!H:H,MATCH($B95,'Raw Data'!$C:$C,0)),"-") -> 205.6195 | F95: =IFERROR(INDEX('Raw Data'!J:J,MATCH($B95,'Raw Data'!$C:$C,0)),"-") -> 56.0645 | G95: =IFERROR(INDEX('Raw Data'!O:O,MATCH($B95,'Raw Data'!$C:$C,0)),"-") -> 0.71441689 | H95: =IFERROR(INDEX('Raw Data'!P:P,MATCH($B95,'Raw Data'!$C:$C,0)),"-") -> 0.85995859 | I95: =IFERROR(INDEX('Raw Data'!AD:AD,MATCH($B95,'Raw Data'!$C:$C,0)),"-") -> Operational
... A111: =IFERROR(INDEX('Raw Data'!AC:AC,MATCH($B111,'Raw Data'!$C:$C,0)),"") -> Excavator | B111: EX-200 | C111: =IFERROR(INDEX('Raw Data'!D:D,MATCH($B111,'Raw Data'!$C:$C,0)),"-") -> 720 | D111: =IFERROR(INDEX('Raw Data'!E:E,MATCH($B111,'Raw Data'!$C:$C,0)),"-") -> 0 | E111: =IFERROR(INDEX('Raw Data'!H:H,MATCH($B111,'Raw Data'!$C:$C,0)),"-") -> 720 | F111: =IFERROR(INDEX('Raw Data'!J:J,MATCH($B111,'Raw Data'!$C:$C,0)),"-") -> 0 | G111: =IFERROR(INDEX('Raw Data'!O:O,MATCH($B111,'Raw Data'!$C:$C,0)),"-") -> 0 | H111: =IFERROR(INDEX('Raw Data'!P:P,MATCH($B111,'Raw Data'!$C:$C,0)),"-") -> 0 | I111: =IFERROR(INDEX('Raw Data'!AD:AD,MATCH($B111,'Raw Data'!$C:$C,0)),"-") -> Non-Operational
A112: Front End Loader
A113: =IFERROR(INDEX('Raw Data'!AC:AC,MATCH($B113,'Raw Data'!$C:$C,0)),"") -> Front End Loader | B113: L-010 | C113: =IFERROR(INDEX('Raw Data'!D:D,MATCH($B113,'Raw Data'!$C:$C,0)),"-") -> 720 | D113: =IFERROR(INDEX('Raw Data'!E:E,MATCH($B113,'Raw Data'!$C:$C,0)),"-") -> 720 | E113: =IFERROR(INDEX('Raw Data'!H:H,MATCH($B113,'Raw Data'!$C:$C,0)),"-") -> 0 | F113: =IFERROR(INDEX('Raw Data'!J:J,MATCH($B113,'Raw Data'!$C:$C,0)),"-") -> 720 | G113: =IFERROR(INDEX('Raw Data'!O:O,MATCH($B113,'Raw Data'!$C:$C,0)),"-") -> 1 | H113: =IFERROR(INDEX('Raw Data'!P:P,MATCH($B113,'Raw Data'!$C:$C,0)),"-") -> 0 | I113: =IFERROR(INDEX('Raw Data'!AD:AD,MATCH($B113,'Raw Data'!$C:$C,0)),"-") -> Operational
A114: =IFERROR(INDEX('Raw Data'!AC:AC,MATCH($B114,'Raw Data'!$C:$C,0)),"") -> Front End Loader | B114: L-035 | C114: =IFERROR(INDEX('Raw Data'!D:D,MATCH($B114,'Raw Data'!$C:$C,0)),"-") -> 719.9992 | D114: =IFERROR(INDEX('Raw Data'!E:E,MATCH($B114,'Raw Data'!$C:$C,0)),"-") -> 693.1688 | E114: =IFERROR(INDEX('Raw Data'!H:H,MATCH($B114,'Raw Data'!$C:$C,0)),"-") -> 26.8304 | F114: =IFERROR(INDEX('Raw Data'!J:J,MATCH($B114,'Raw Data'!$C:$C,0)),"-") -> 271.2644 | G114: =IFERROR(INDEX('Raw Data'!O:O,MATCH($B114,'Raw Data'!$C:$C,0)),"-") -> 0.96273551 | H114: =IFERROR(INDEX('Raw Data'!P:P,MATCH($B114,'Raw Data'!$C:$C,0)),"-") -> 0.60631811 | I114: =IFERROR(INDEX('Raw Data'!AD:AD,MATCH($B114,'Raw Data'!$C:$C,0)),"-") -> Operational
A115: =IFERROR(INDEX('Raw Data'!AC:AC,MATCH($B115,'Raw Data'!$C:$C,0)),"") -> Front End Loader | B115: L-032 | C115: =IFERROR(INDEX('Raw Data'!D:D,MATCH($B115,'Raw Data'!$C:$C,0)),"-") -> 719.9986 | D115: =IFERROR(INDEX('Raw Data'!E:E,MATCH($B115,'Raw Data'!$C:$C,0)),"-") -> 658.1451 | E115: =IFERROR(INDEX('Raw Data'!H:H,MATCH($B115,'Raw Data'!$C:$C,0)),"-") -> 61.8535 | F115: =IFERROR(INDEX('Raw Data'!J:J,MATCH($B115,'Raw Data'!$C:$C,0)),"-") -> 219.6899 | G115: =IFERROR(INDEX('Raw Data'!O:O,MATCH($B115,'Raw Data'!$C:$C,0)),"-") -> 0.91409219 | H115: =IFERROR(INDEX('Raw Data'!P:P,MATCH($B115,'Raw Data'!$C:$C,0)),"-") -> 0.65905376 | I115: =IFERROR(INDEX('Raw Data'!AD:AD,MATCH($B115,'Raw Data'!$C:$C,0)),"-") -> Operational
A116: =IFERROR(INDEX('Raw Data'!AC:AC,MATCH($B116,'Raw Data'!$C:$C,0)),"") -> Front End Loader | B116: L-009 | C116: =IFERROR(INDEX('Raw Data'!D:D,MATCH($B116,'Raw Data'!$C:$C,0)),"-") -> 720.001 | D116: =IFERROR(INDEX('Raw Data'!E:E,MATCH($B116,'Raw Data'!$C:$C,0)),"-") -> 643.1192 | E116: =IFERROR(INDEX('Raw Data'!H:H,MATCH($B116,'Raw Data'!$C:$C,0)),"-") -> 76.8818 | F116: =IFERROR(INDEX('Raw Data'!J:J,MATCH($B116,'Raw Data'!$C:$C,0)),"-") -> 286.2472 | G116: =IFERROR(INDEX('Raw Data'!O:O,MATCH($B116,'Raw Data'!$C:$C,0)),"-") -> 0.89321987 | H116: =IFERROR(INDEX('Raw Data'!P:P,MATCH($B116,'Raw Data'!$C:$C,0)),"-") -> 0.55490802 | I116: =IFERROR(INDEX('Raw Data'!AD:AD,MATCH($B116,'Raw Data'!$C:$C,0)),"-") -> Operational
A117: =IFERROR(INDEX('Raw Data'!AC:AC,MATCH($B117,'Raw Data'!$C:$C,0)),"") -> Front End Loader | B117: L-013 | C117: =IFERROR(INDEX('Raw Data'!D:D,MATCH($B117,'Raw Data'!$C:$C,0)),"-") -> 720.0004 | D117: =IFERROR(INDEX('Raw Data'!E:E,MATCH($B117,'Raw Data'!$C:$C,0)),"-") -> 637.0414 | E117: =IFERROR(INDEX('Raw Data'!H:H,MATCH($B117,'Raw Data'!$C:$C,0)),"-") -> 82.959 | F117: =IFERROR(INDEX('Raw Data'!J:J,MATCH($B117,'Raw Data'!$C:$C,0)),"-") -> 250.7117 | G117: =IFERROR(INDEX('Raw Data'!O:O,MATCH($B117,'Raw Data'!$C:$C,0)),"-") -> 0.88477923 | H117: =IFERROR(INDEX('Raw Data'!P:P,MATCH($B117,'Raw Data'!$C:$C,0)),"-") -> 0.60644363 | I117: =IFERROR(INDEX('Raw Data'!AD:AD,MATCH($B117,'Raw Data'!$C:$C,0)),"-") -> Operational
A118: =IFERROR(INDEX('Raw Data'!AC:AC,MATCH($B118,'Raw Data'!$C:$C,0)),"") -> Front End Loader | B118: L-033 | C118: =IFERROR(INDEX('Raw Data'!D:D,MATCH($B118,'Raw Data'!$C:$C,0)),"-") -> 720.0009 | D118: =IFERROR(INDEX('Raw Data'!E:E,MATCH($B118,'Raw Data'!$C:$C,0)),"-") -> 577.1068 | E118: =IFERROR(INDEX('Raw Data'!H:H,MATCH($B118,'Raw Data'!$C:$C,0)),"-") -> 142.8941 | F118: =IFERROR(INDEX('Raw Data'!J:J,MATCH($B118,'Raw Data'!$C:$C,0)),"-") -> 211.9626 | G118: =IFERROR(INDEX('Raw Data'!O:O,MATCH($B118,'Raw Data'!$C:$C,0)),"-") -> 0.80153622 | H118: =IFERROR(INDEX('Raw Data'!P:P,MATCH($B118,'Raw Data'!$C:$C,0)),"-") -> 0.62317963 | I118: =IFERROR(INDEX('Raw Data'!AD:AD,MATCH($B118,'Raw Data'!$C:$C,0)),"-") -> Operational
A119: =IFERROR(INDEX('Raw Data'!AC:AC,MATCH($B119,'Raw Data'!$C:$C,0)),"") -> Front End Loader | B119: L-006 | C119: =IFERROR(INDEX('Raw Data'!D:D,MATCH($B119,'Raw Data'!$C:$C,0)),"-") -> 715.7662 | D119: =IFERROR(INDEX('Raw Data'!E:E,MATCH($B119,'Raw Data'!$C:$C,0)),"-") -> 574.2742 | E119: =IFERROR(INDEX('Raw Data'!H:H,MATCH($B119,'Raw Data'!$C:$C,0)),"-") -> 141.492 | F119: =IFERROR(INDEX('Raw Data'!J:J,MATCH($B119,'Raw Data'!$C:$C,0)),"-") -> 366.8542 | G119: =IFERROR(INDEX('Raw Data'!O:O,MATCH($B119,'Raw Data'!$C:$C,0)),"-") -> 0.80232093 | H119: =IFERROR(INDEX('Raw Data'!P:P,MATCH($B119,'Raw Data'!$C:$C,0)),"-") -> 0.35709492 | I119: =IFERROR(INDEX('Raw Data'!AD:AD,MATCH($B119,'Raw Data'!$C:$C,0)),"-") -> Operational
A120: =IFERROR(INDEX('Raw Data'!AC:AC,MATCH($B120,'Raw Data'!$C:$C,0)),"") -> Front End Loader | B120: L-011 | C120: =IFERROR(INDEX('Raw Data'!D:D,MATCH($B120,'Raw Data'!$C:$C,0)),"-") -> 719.9991 | D120: =IFERROR(INDEX('Raw Data'!E:E,MATCH($B120,'Raw Data'!$C:$C,0)),"-") -> 563.4096 | E120: =IFERROR(INDEX('Raw Data'!H:H,MATCH($B120,'Raw Data'!$C:$C,0)),"-") -> 156.5895 | F120: =IFERROR(INDEX('Raw Data'!J:J,MATCH($B120,'Raw Data'!$C:$C,0)),"-") -> 257.3909 | G120: =IFERROR(INDEX('Raw Data'!O:O,MATCH($B120,'Raw Data'!$C:$C,0)),"-") -> 0.78251431 | H120: =IFERROR(INDEX('Raw Data'!P:P,MATCH($B120,'Raw Data'!$C:$C,0)),"-") -> 0.53196396 | I120: =IFERROR(INDEX('Raw Data'!AD:AD,MATCH($B120,'Raw Data'!$C:$C,0)),"-") -> Operational
A121: =IFERROR(INDEX('Raw Data'!AC:AC,MATCH($B121,'Raw Data'!$C:$C,0)),"") -> Front End Loader | B121: L-012 | C121: =IFERROR(INDEX('Raw Data'!D:D,MATCH($B121,'Raw Data'!$C:$C,0)),"-") -> 719.9997 | D121: =IFERROR(INDEX('Raw Data'!E:E,MATCH($B121,'Raw Data'!$C:$C,0)),"-") -> 508.9412 | E121: =IFERROR(INDEX('Raw Data'!H:H,MATCH($B121,'Raw Data'!$C:$C,0)),"-") -> 211.0585 | F121: =IFERROR(INDEX('Raw Data'!J:J,MATCH($B121,'Raw Data'!$C:$C,0)),"-") -> 217.2932 | G121: =IFERROR(INDEX('Raw Data'!O:O,MATCH($B121,'Raw Data'!$C:$C,0)),"-") -> 0.70686307 | H121: =IFERROR(INDEX('Raw Data'!P:P,MATCH($B121,'Raw Data'!$C:$C,0)),"-") -> 0.56455225 | I121: =IFERROR(INDEX('Raw Data'!AD:AD,MATCH($B121,'Raw Data'!$C:$C,0)),"-") -> Operational
A122: =IFERROR(INDEX('Raw Data'!AC:AC,MATCH($B122,'Raw Data'!$C:$C,0)),"") -> Front End Loader | B122: L-007 | C122: =IFERROR(INDEX('Raw Data'!D:D,MATCH($B122,'Raw Data'!$C:$C,0)),"-") -> 719.9998 | D122: =IFERROR(INDEX('Raw Data'!E:E,MATCH($B122,'Raw Data'!$C:$C,0)),"-") -> 507.5448 | E122: =IFERROR(INDEX('Raw Data'!H:H,MATCH($B122,'Raw Data'!$C:$C,0)),"-") -> 212.455 | F122: =IFERROR(INDEX('Raw Data'!J:J,MATCH($B122,'Raw Data'!$C:$C,0)),"-") -> 252.2432 | G122: =IFERROR(INDEX('Raw Data'!O:O,MATCH($B122,'Raw Data'!$C:$C,0)),"-") -> 0.70492353 | H122: =IFERROR(INDEX('Raw Data'!P:P,MATCH($B122,'Raw Data'!$C:$C,0)),"-") -> 0.47992552 | I122: =IFERROR(INDEX('Raw Data'!AD:AD,MATCH($B122,'Raw Data'!$C:$C,0)),"-") -> Operational
A123: =IFERROR(INDEX('Raw Data'!AC:AC,MATCH($B123,'Raw Data'!$C:$C,0)),"") -> Front End Loader | B123: L-004 | C123: =IFERROR(INDEX('Raw Data'!D:D,MATCH($B123,'Raw Data'!$C:$C,0)),"-") -> 720.0006 | D123: =IFERROR(INDEX('Raw Data'!E:E,MATCH($B123,'Raw Data'!$C:$C,0)),"-") -> 427.1323 | E123: =IFERROR(INDEX('Raw Data'!H:H,MATCH($B123,'Raw Data'!$C:$C,0)),"-") -> 292.8683 | F123: =IFERROR(INDEX('Raw Data'!J:J,MATCH($B123,'Raw Data'!$C:$C,0)),"-") -> 162.1212 | G123: =IFERROR(INDEX('Raw Data'!O:O,MATCH($B123,'Raw Data'!$C:$C,0)),"-") -> 0.59323881 | H123: =IFERROR(INDEX('Raw Data'!P:P,MATCH($B123,'Raw Data'!$C:$C,0)),"-") -> 0.61272351 | I123: =IFERROR(INDEX('Raw Data'!AD:AD,MATCH($B123,'Raw Data'!$C:$C,0)),"-") -> Operational
A124: =IFERROR(INDEX('Raw Data'!AC:AC,MATCH($B124,'Raw Data'!$C:$C,0)),"") -> Front End Loader | B124: L-003 | C124: =IFERROR(INDEX('Raw Data'!D:D,MATCH($B124,'Raw Data'!$C:$C,0)),"-") -> 719.9988 | D124: =IFERROR(INDEX('Raw Data'!E:E,MATCH($B124,'Raw Data'!$C:$C,0)),"-") -> 360.0406 | E124: =IFERROR(INDEX('Raw Data'!H:H,MATCH($B124,'Raw Data'!$C:$C,0)),"-") -> 359.9582 | F124: =IFERROR(INDEX('Raw Data'!J:J,MATCH($B124,'Raw Data'!$C:$C,0)),"-") -> 129.8981 | G124: =IFERROR(INDEX('Raw Data'!O:O,MATCH($B124,'Raw Data'!$C:$C,0)),"-") -> 0.50005722 | H124: =IFERROR(INDEX('Raw Data'!P:P,MATCH($B124,'Raw Data'!$C:$C,0)),"-") -> 0.63256644 | I124: =IFERROR(INDEX('Raw Data'!AD:AD,MATCH($B124,'Raw Data'!$C:$C,0)),"-") -> Operational
... A128: =IFERROR(INDEX('Raw Data'!AC:AC,MATCH($B128,'Raw Data'!$C:$C,0)),"") -> Front End Loader | B128: SDLG-DEMO | C128: =IFERROR(INDEX('Raw Data'!D:D,MATCH($B128,'Raw Data'!$C:$C,0)),"-") -> 720 | D128: =IFERROR(INDEX('Raw Data'!E:E,MATCH($B128,'Raw Data'!$C:$C,0)),"-") -> 0 | E128: =IFERROR(INDEX('Raw Data'!H:H,MATCH($B128,'Raw Data'!$C:$C,0)),"-") -> 720 | F128: =IFERROR(INDEX('Raw Data'!J:J,MATCH($B128,'Raw Data'!$C:$C,0)),"-") -> 0 | G128: =IFERROR(INDEX('Raw Data'!O:O,MATCH($B128,'Raw Data'!$C:$C,0)),"-") -> 0 | H128: =IFERROR(INDEX('Raw Data'!P:P,MATCH($B128,'Raw Data'!$C:$C,0)),"-") -> 0 | I128: =IFERROR(INDEX('Raw Data'!AD:AD,MATCH($B128,'Raw Data'!$C:$C,0)),"-") -> Non-Operational
A129: Surface Miner
A130: =IFERROR(INDEX('Raw Data'!AC:AC,MATCH($B130,'Raw Data'!$C:$C,0)),"") -> Surface Miner | B130: CSM-006 | C130: =IFERROR(INDEX('Raw Data'!D:D,MATCH($B130,'Raw Data'!$C:$C,0)),"-") -> 714.5101 | D130: =IFERROR(INDEX('Raw Data'!E:E,MATCH($B130,'Raw Data'!$C:$C,0)),"-") -> 445.7338 | E130: =IFERROR(INDEX('Raw Data'!H:H,MATCH($B130,'Raw Data'!$C:$C,0)),"-") -> 268.7763 | F130: =IFERROR(INDEX('Raw Data'!J:J,MATCH($B130,'Raw Data'!$C:$C,0)),"-") -> 48.0964 | G130: =IFERROR(INDEX('Raw Data'!O:O,MATCH($B130,'Raw Data'!$C:$C,0)),"-") -> 0.62383135 | H130: =IFERROR(INDEX('Raw Data'!P:P,MATCH($B130,'Raw Data'!$C:$C,0)),"-") -> 0.86930787 | I130: =IFERROR(INDEX('Raw Data'!AD:AD,MATCH($B130,'Raw Data'!$C:$C,0)),"-") -> Operational
A131: =IFERROR(INDEX('Raw Data'!AC:AC,MATCH($B131,'Raw Data'!$C:$C,0)),"") -> Surface Miner | B131: CSM-007 | C131: =IFERROR(INDEX('Raw Data'!D:D,MATCH($B131,'Raw Data'!$C:$C,0)),"-") -> 717.5536 | D131: =IFERROR(INDEX('Raw Data'!E:E,MATCH($B131,'Raw Data'!$C:$C,0)),"-") -> 423.6168 | E131: =IFERROR(INDEX('Raw Data'!H:H,MATCH($B131,'Raw Data'!$C:$C,0)),"-") -> 293.9368 | F131: =IFERROR(INDEX('Raw Data'!J:J,MATCH($B131,'Raw Data'!$C:$C,0)),"-") -> 42.5426 | G131: =IFERROR(INDEX('Raw Data'!O:O,MATCH($B131,'Raw Data'!$C:$C,0)),"-") -> 0.59036259 | H131: =IFERROR(INDEX('Raw Data'!P:P,MATCH($B131,'Raw Data'!$C:$C,0)),"-") -> 0.88627953 | I131: =IFERROR(INDEX('Raw Data'!AD:AD,MATCH($B131,'Raw Data'!$C:$C,0)),"-") -> Operational
A132: =IFERROR(INDEX('Raw Data'!AC:AC,MATCH($B132,'Raw Data'!$C:$C,0)),"") -> Surface Miner | B132: CSM-003 | C132: =IFERROR(INDEX('Raw Data'!D:D,MATCH($B132,'Raw Data'!$C:$C,0)),"-") -> 718.107 | D132: =IFERROR(INDEX('Raw Data'!E:E,MATCH($B132,'Raw Data'!$C:$C,0)),"-") -> 395.2421 | E132: =IFERROR(INDEX('Raw Data'!H:H,MATCH($B132,'Raw Data'!$C:$C,0)),"-") -> 322.8649 | F132: =IFERROR(INDEX('Raw Data'!J:J,MATCH($B132,'Raw Data'!$C:$C,0)),"-") -> 2.1536 | G132: =IFERROR(INDEX('Raw Data'!O:O,MATCH($B132,'Raw Data'!$C:$C,0)),"-") -> 0.55039444 | H132: =IFERROR(INDEX('Raw Data'!P:P,MATCH($B132,'Raw Data'!$C:$C,0)),"-") -> 0.93287532 | I132: =IFERROR(INDEX('Raw Data'!AD:AD,MATCH($B132,'Raw Data'!$C:$C,0)),"-") -> Operational
A133: =IFERROR(INDEX('Raw Data'!AC:AC,MATCH($B133,'Raw Data'!$C:$C,0)),"") -> Surface Miner | B133: CSM-004 | C133: =IFERROR(INDEX('Raw Data'!D:D,MATCH($B133,'Raw Data'!$C:$C,0)),"-") -> 708.4939 | D133: =IFERROR(INDEX('Raw Data'!E:E,MATCH($B133,'Raw Data'!$C:$C,0)),"-") -> 316.2281 | E133: =IFERROR(INDEX('Raw Data'!H:H,MATCH($B133,'Raw Data'!$C:$C,0)),"-") -> 392.2658 | F133: =IFERROR(INDEX('Raw Data'!J:J,MATCH($B133,'Raw Data'!$C:$C,0)),"-") -> 31.2809 | G133: =IFERROR(INDEX('Raw Data'!O:O,MATCH($B133,'Raw Data'!$C:$C,0)),"-") -> 0.44633849 | H133: =IFERROR(INDEX('Raw Data'!P:P,MATCH($B133,'Raw Data'!$C:$C,0)),"-") -> 0.87989271 | I133: =IFERROR(INDEX('Raw Data'!AD:AD,MATCH($B133,'Raw Data'!$C:$C,0)),"-") -> Operational
A134: =IFERROR(INDEX('Raw Data'!AC:AC,MATCH($B134,'Raw Data'!$C:$C,0)),"") -> Surface Miner | B134: CSM-002 | C134: =IFERROR(INDEX('Raw Data'!D:D,MATCH($B134,'Raw Data'!$C:$C,0)),"-") -> 708.6439 | D134: =IFERROR(INDEX('Raw Data'!E:E,MATCH($B134,'Raw Data'!$C:$C,0)),"-") -> 305.1756 | E134: =IFERROR(INDEX('Raw Data'!H:H,MATCH($B134,'Raw Data'!$C:$C,0)),"-") -> 403.4683 | F134: =IFERROR(INDEX('Raw Data'!J:J,MATCH($B134,'Raw Data'!$C:$C,0)),"-") -> 29.5013 | G134: =IFERROR(INDEX('Raw Data'!O:O,MATCH($B134,'Raw Data'!$C:$C,0)),"-") -> 0.43064733 | H134: =IFERROR(INDEX('Raw Data'!P:P,MATCH($B134,'Raw Data'!$C:$C,0)),"-") -> 0.87864102 | I134: =IFERROR(INDEX('Raw Data'!AD:AD,MATCH($B134,'Raw Data'!$C:$C,0)),"-") -> Operational
A135: =IFERROR(INDEX('Raw Data'!AC:AC,MATCH($B135,'Raw Data'!$C:$C,0)),"") -> Surface Miner | B135: CSM-001 | C135: =IFERROR(INDEX('Raw Data'!D:D,MATCH($B135,'Raw Data'!$C:$C,0)),"-") -> 720 | D135: =IFERROR(INDEX('Raw Data'!E:E,MATCH($B135,'Raw Data'!$C:$C,0)),"-") -> 0 | E135: =IFERROR(INDEX('Raw Data'!H:H,MATCH($B135,'Raw Data'!$C:$C,0)),"-") -> 720 | F135: =IFERROR(INDEX('Raw Data'!J:J,MATCH($B135,'Raw Data'!$C:$C,0)),"-") -> 0 | G135: =IFERROR(INDEX('Raw Data'!O:O,MATCH($B135,'Raw Data'!$C:$C,0)),"-") -> 0 | H135: =IFERROR(INDEX('Raw Data'!P:P,MATCH($B135,'Raw Data'!$C:$C,0)),"-") -> 0 | I135: =IFERROR(INDEX('Raw Data'!AD:AD,MATCH($B135,'Raw Data'!$C:$C,0)),"-") -> Non-Operational
A136: Tipper
A137: =IFERROR(INDEX('Raw Data'!AC:AC,MATCH($B137,'Raw Data'!$C:$C,0)),"") -> Tipper | B137: BB-396 | C137: =IFERROR(INDEX('Raw Data'!D:D,MATCH($B137,'Raw Data'!$C:$C,0)),"-") -> 720 | D137: =IFERROR(INDEX('Raw Data'!E:E,MATCH($B137,'Raw Data'!$C:$C,0)),"-") -> 720 | E137: =IFERROR(INDEX('Raw Data'!H:H,MATCH($B137,'Raw Data'!$C:$C,0)),"-") -> 0 | F137: =IFERROR(INDEX('Raw Data'!J:J,MATCH($B137,'Raw Data'!$C:$C,0)),"-") -> 0 | G137: =IFERROR(INDEX('Raw Data'!O:O,MATCH($B137,'Raw Data'!$C:$C,0)),"-") -> 1 | H137: =IFERROR(INDEX('Raw Data'!P:P,MATCH($B137,'Raw Data'!$C:$C,0)),"-") -> 0 | I137: =IFERROR(INDEX('Raw Data'!AD:AD,MATCH($B137,'Raw Data'!$C:$C,0)),"-") -> Operational
A138: =IFERROR(INDEX('Raw Data'!AC:AC,MATCH($B138,'Raw Data'!$C:$C,0)),"") -> Tipper | B138: BB-507 | C138: =IFERROR(INDEX('Raw Data'!D:D,MATCH($B138,'Raw Data'!$C:$C,0)),"-") -> 720 | D138: =IFERROR(INDEX('Raw Data'!E:E,MATCH($B138,'Raw Data'!$C:$C,0)),"-") -> 720 | E138: =IFERROR(INDEX('Raw Data'!H:H,MATCH($B138,'Raw Data'!$C:$C,0)),"-") -> 0 | F138: =IFERROR(INDEX('Raw Data'!J:J,MATCH($B138,'Raw Data'!$C:$C,0)),"-") -> 0 | G138: =IFERROR(INDEX('Raw Data'!O:O,MATCH($B138,'Raw Data'!$C:$C,0)),"-") -> 1 | H138: =IFERROR(INDEX('Raw Data'!P:P,MATCH($B138,'Raw Data'!$C:$C,0)),"-") -> 0 | I138: =IFERROR(INDEX('Raw Data'!AD:AD,MATCH($B138,'Raw Data'!$C:$C,0)),"-") -> Operational
A139: =IFERROR(INDEX('Raw Data'!AC:AC,MATCH($B139,'Raw Data'!$C:$C,0)),"") -> Tipper | B139: BB-590 | C139: =IFERROR(INDEX('Raw Data'!D:D,MATCH($B139,'Raw Data'!$C:$C,0)),"-") -> 720.0001 | D139: =IFERROR(INDEX('Raw Data'!E:E,MATCH($B139,'Raw Data'!$C:$C,0)),"-") -> 685.3833 | E139: =IFERROR(INDEX('Raw Data'!H:H,MATCH($B139,'Raw Data'!$C:$C,0)),"-") -> 34.6168 | F139: =IFERROR(INDEX('Raw Data'!J:J,MATCH($B139,'Raw Data'!$C:$C,0)),"-") -> 331.5762 | G139: =IFERROR(INDEX('Raw Data'!O:O,MATCH($B139,'Raw Data'!$C:$C,0)),"-") -> 0.95192112 | H139: =IFERROR(INDEX('Raw Data'!P:P,MATCH($B139,'Raw Data'!$C:$C,0)),"-") -> 0.51164217 | I139: =IFERROR(INDEX('Raw Data'!AD:AD,MATCH($B139,'Raw Data'!$C:$C,0)),"-") -> Operational
A140: =IFERROR(INDEX('Raw Data'!AC:AC,MATCH($B140,'Raw Data'!$C:$C,0)),"") -> Tipper | B140: BB-591 | C140: =IFERROR(INDEX('Raw Data'!D:D,MATCH($B140,'Raw Data'!$C:$C,0)),"-") -> 720.0002 | D140: =IFERROR(INDEX('Raw Data'!E:E,MATCH($B140,'Raw Data'!$C:$C,0)),"-") -> 681.9499 | E140: =IFERROR(INDEX('Raw Data'!H:H,MATCH($B140,'Raw Data'!$C:$C,0)),"-") -> 38.0503 | F140: =IFERROR(INDEX('Raw Data'!J:J,MATCH($B140,'Raw Data'!$C:$C,0)),"-") -> 295.457 | G140: =IFERROR(INDEX('Raw Data'!O:O,MATCH($B140,'Raw Data'!$C:$C,0)),"-") -> 0.94715238 | H140: =IFERROR(INDEX('Raw Data'!P:P,MATCH($B140,'Raw Data'!$C:$C,0)),"-") -> 0.55899986 | I140: =IFERROR(INDEX('Raw Data'!AD:AD,MATCH($B140,'Raw Data'!$C:$C,0)),"-") -> Operational
A141: =IFERROR(INDEX('Raw Data'!AC:AC,MATCH($B141,'Raw Data'!$C:$C,0)),"") -> Tipper | B141: BB-593 | C141: =IFERROR(INDEX('Raw Data'!D:D,MATCH($B141,'Raw Data'!$C:$C,0)),"-") -> 720.001 | D141: =IFERROR(INDEX('Raw Data'!E:E,MATCH($B141,'Raw Data'!$C:$C,0)),"-") -> 680.8297 | E141: =IFERROR(INDEX('Raw Data'!H:H,MATCH($B141,'Raw Data'!$C:$C,0)),"-") -> 39.1713 | F141: =IFERROR(INDEX('Raw Data'!J:J,MATCH($B141,'Raw Data'!$C:$C,0)),"-") -> 315.6667 | G141: =IFERROR(INDEX('Raw Data'!O:O,MATCH($B141,'Raw Data'!$C:$C,0)),"-") -> 0.94559549 | H141: =IFERROR(INDEX('Raw Data'!P:P,MATCH($B141,'Raw Data'!$C:$C,0)),"-") -> 0.52866936 | I141: =IFERROR(INDEX('Raw Data'!AD:AD,MATCH($B141,'Raw Data'!$C:$C,0)),"-") -> Operational
A142: =IFERROR(INDEX('Raw Data'!AC:AC,MATCH($B142,'Raw Data'!$C:$C,0)),"") -> Tipper | B142: BB-589 | C142: =IFERROR(INDEX('Raw Data'!D:D,MATCH($B142,'Raw Data'!$C:$C,0)),"-") -> 720.0002 | D142: =IFERROR(INDEX('Raw Data'!E:E,MATCH($B142,'Raw Data'!$C:$C,0)),"-") -> 678.1359 | E142: =IFERROR(INDEX('Raw Data'!H:H,MATCH($B142,'Raw Data'!$C:$C,0)),"-") -> 41.8643 | F142: =IFERROR(INDEX('Raw Data'!J:J,MATCH($B142,'Raw Data'!$C:$C,0)),"-") -> 348.6105 | G142: =IFERROR(INDEX('Raw Data'!O:O,MATCH($B142,'Raw Data'!$C:$C,0)),"-") -> 0.94185516 | H142: =IFERROR(INDEX('Raw Data'!P:P,MATCH($B142,'Raw Data'!$C:$C,0)),"-") -> 0.47872853 | I142: =IFERROR(INDEX('Raw Data'!AD:AD,MATCH($B142,'Raw Data'!$C:$C,0)),"-") -> Operational
A143: =IFERROR(INDEX('Raw Data'!AC:AC,MATCH($B143,'Raw Data'!$C:$C,0)),"") -> Tipper | B143: BB-421 | C143: =IFERROR(INDEX('Raw Data'!D:D,MATCH($B143,'Raw Data'!$C:$C,0)),"-") -> 720.0014 | D143: =IFERROR(INDEX('Raw Data'!E:E,MATCH($B143,'Raw Data'!$C:$C,0)),"-") -> 675.4698 | E143: =IFERROR(INDEX('Raw Data'!H:H,MATCH($B143,'Raw Data'!$C:$C,0)),"-") -> 44.5316 | F143: =IFERROR(INDEX('Raw Data'!J:J,MATCH($B143,'Raw Data'!$C:$C,0)),"-") -> 368.0631 | G143: =IFERROR(INDEX('Raw Data'!O:O,MATCH($B143,'Raw Data'!$C:$C,0)),"-") -> 0.93815068 | H143: =IFERROR(INDEX('Raw Data'!P:P,MATCH($B143,'Raw Data'!$C:$C,0)),"-") -> 0.45013515 | I143: =IFERROR(INDEX('Raw Data'!AD:AD,MATCH($B143,'Raw Data'!$C:$C,0)),"-") -> Operational
A144: =IFERROR(INDEX('Raw Data'!AC:AC,MATCH($B144,'Raw Data'!$C:$C,0)),"") -> Tipper | B144: BB-547 | C144: =IFERROR(INDEX('Raw Data'!D:D,MATCH($B144,'Raw Data'!$C:$C,0)),"-") -> 720.0021 | D144: =IFERROR(INDEX('Raw Data'!E:E,MATCH($B144,'Raw Data'!$C:$C,0)),"-") -> 673.5097 | E144: =IFERROR(INDEX('Raw Data'!H:H,MATCH($B144,'Raw Data'!$C:$C,0)),"-") -> 46.4924 | F144: =IFERROR(INDEX('Raw Data'!J:J,MATCH($B144,'Raw Data'!$C:$C,0)),"-") -> 357.4823 | G144: =IFERROR(INDEX('Raw Data'!O:O,MATCH($B144,'Raw Data'!$C:$C,0)),"-") -> 0.93542741 | H144: =IFERROR(INDEX('Raw Data'!P:P,MATCH($B144,'Raw Data'!$C:$C,0)),"-") -> 0.4632159 | I144: =IFERROR(INDEX('Raw Data'!AD:AD,MATCH($B144,'Raw Data'!$C:$C,0)),"-") -> Operational
A145: =IFERROR(INDEX('Raw Data'!AC:AC,MATCH($B145,'Raw Data'!$C:$C,0)),"") -> Tipper | B145: BB-586 | C145: =IFERROR(INDEX('Raw Data'!D:D,MATCH($B145,'Raw Data'!$C:$C,0)),"-") -> 720.001 | D145: =IFERROR(INDEX('Raw Data'!E:E,MATCH($B145,'Raw Data'!$C:$C,0)),"-") -> 670.1917 | E145: =IFERROR(INDEX('Raw Data'!H:H,MATCH($B145,'Raw Data'!$C:$C,0)),"-") -> 49.8093 | F145: =IFERROR(INDEX('Raw Data'!J:J,MATCH($B145,'Raw Data'!$C:$C,0)),"-") -> 241.084 | G145: =IFERROR(INDEX('Raw Data'!O:O,MATCH($B145,'Raw Data'!$C:$C,0)),"-") -> 0.93082051 | H145: =IFERROR(INDEX('Raw Data'!P:P,MATCH($B145,'Raw Data'!$C:$C,0)),"-") -> 0.63518692 | I145: =IFERROR(INDEX('Raw Data'!AD:AD,MATCH($B145,'Raw Data'!$C:$C,0)),"-") -> Operational
A146: =IFERROR(INDEX('Raw Data'!AC:AC,MATCH($B146,'Raw Data'!$C:$C,0)),"") -> Tipper | B146: BB-592 | C146: =IFERROR(INDEX('Raw Data'!D:D,MATCH($B146,'Raw Data'!$C:$C,0)),"-") -> 720.0011 | D146: =IFERROR(INDEX('Raw Data'!E:E,MATCH($B146,'Raw Data'!$C:$C,0)),"-") -> 665.8818 | E146: =IFERROR(INDEX('Raw Data'!H:H,MATCH($B146,'Raw Data'!$C:$C,0)),"-") -> 54.1193 | F146: =IFERROR(INDEX('Raw Data'!J:J,MATCH($B146,'Raw Data'!$C:$C,0)),"-") -> 298.3105 | G146: =IFERROR(INDEX('Raw Data'!O:O,MATCH($B146,'Raw Data'!$C:$C,0)),"-") -> 0.92483442 | H146: =IFERROR(INDEX('Raw Data'!P:P,MATCH($B146,'Raw Data'!$C:$C,0)),"-") -> 0.54565825 | I146: =IFERROR(INDEX('Raw Data'!AD:AD,MATCH($B146,'Raw Data'!$C:$C,0)),"-") -> Operational
A147: =IFERROR(INDEX('Raw Data'!AC:AC,MATCH($B147,'Raw Data'!$C:$C,0)),"") -> Tipper | B147: BB-587 | C147: =IFERROR(INDEX('Raw Data'!D:D,MATCH($B147,'Raw Data'!$C:$C,0)),"-") -> 720.0011 | D147: =IFERROR(INDEX('Raw Data'!E:E,MATCH($B147,'Raw Data'!$C:$C,0)),"-") -> 658.8499 | E147: =IFERROR(INDEX('Raw Data'!H:H,MATCH($B147,'Raw Data'!$C:$C,0)),"-") -> 61.1512 | F147: =IFERROR(INDEX('Raw Data'!J:J,MATCH($B147,'Raw Data'!$C:$C,0)),"-") -> 253.2984 | G147: =IFERROR(INDEX('Raw Data'!O:O,MATCH($B147,'Raw Data'!$C:$C,0)),"-") -> 0.91506791 | H147: =IFERROR(INDEX('Raw Data'!P:P,MATCH($B147,'Raw Data'!$C:$C,0)),"-") -> 0.60568348 | I147: =IFERROR(INDEX('Raw Data'!AD:AD,MATCH($B147,'Raw Data'!$C:$C,0)),"-") -> Operational
A148: =IFERROR(INDEX('Raw Data'!AC:AC,MATCH($B148,'Raw Data'!$C:$C,0)),"") -> Tipper | B148: BB-510 | C148: =IFERROR(INDEX('Raw Data'!D:D,MATCH($B148,'Raw Data'!$C:$C,0)),"-") -> 716.2894 | D148: =IFERROR(INDEX('Raw Data'!E:E,MATCH($B148,'Raw Data'!$C:$C,0)),"-") -> 657.1802 | E148: =IFERROR(INDEX('Raw Data'!H:H,MATCH($B148,'Raw Data'!$C:$C,0)),"-") -> 59.1092 | F148: =IFERROR(INDEX('Raw Data'!J:J,MATCH($B148,'Raw Data'!$C:$C,0)),"-") -> 600.4674 | G148: =IFERROR(INDEX('Raw Data'!O:O,MATCH($B148,'Raw Data'!$C:$C,0)),"-") -> 0.91747861 | H148: =IFERROR(INDEX('Raw Data'!P:P,MATCH($B148,'Raw Data'!$C:$C,0)),"-") -> 0.084766705 | I148: =IFERROR(INDEX('Raw Data'!AD:AD,MATCH($B148,'Raw Data'!$C:$C,0)),"-") -> Operational
... A202: =IFERROR(INDEX('Raw Data'!AC:AC,MATCH($B202,'Raw Data'!$C:$C,0)),"") -> Tipper | B202: BB-399 | C202: =IFERROR(INDEX('Raw Data'!D:D,MATCH($B202,'Raw Data'!$C:$C,0)),"-") -> 720 | D202: =IFERROR(INDEX('Raw Data'!E:E,MATCH($B202,'Raw Data'!$C:$C,0)),"-") -> 0 | E202: =IFERROR(INDEX('Raw Data'!H:H,MATCH($B202,'Raw Data'!$C:$C,0)),"-") -> 720 | F202: =IFERROR(INDEX('Raw Data'!J:J,MATCH($B202,'Raw Data'!$C:$C,0)),"-") -> 0 | G202: =IFERROR(INDEX('Raw Data'!O:O,MATCH($B202,'Raw Data'!$C:$C,0)),"-") -> 0 | H202: =IFERROR(INDEX('Raw Data'!P:P,MATCH($B202,'Raw Data'!$C:$C,0)),"-") -> 0 | I202: =IFERROR(INDEX('Raw Data'!AD:AD,MATCH($B202,'Raw Data'!$C:$C,0)),"-") -> Non-Operational
A204: Green = Avail ≥75% / Util ≥80%
A205: Yellow = Avail 50–75% / Util 70–80%
A206: Red = <50% / <70% or Non-Op

Sheet Fuel Analysis
A1: FUEL CONSUMPTION ANALYSIS | APRIL 2025 — Values from Raw Data formulas
A3: GROUP SUMMARY (SUMIFS / AVERAGEIFS formulas)
A4: Equipment Group | B4: Op Units | C4: Total Diesel (L) | D4: Avg L/Hr | E4: Total OB CUM (m³) | F4: Total ROM (T) | G4: Total Idle Hrs | H4: Avg Avail %
A5: Tipper | B5: =COUNTIFS('Raw Data'!AC:AC,"Tipper",'Raw Data'!AD:AD,"Operational",'Raw Data'!AE:AE,"Individual") -> 62 | C5: =SUMIFS('Raw Data'!W:W,'Raw Data'!AC:AC,"Tipper",'Raw Data'!AE:AE,"Individual") -> 189994.42 | D5: =IFERROR(AVERAGEIFS('Raw Data'!X:X,'Raw Data'!AC:AC,"Tipper",'Raw Data'!AD:AD,"Operational",'Raw Data'!AE:AE,"Individual"),0) -> 13.098871 | E5: =SUMIFS('Raw Data'!U:U,'Raw Data'!AC:AC,"Tipper",'Raw Data'!AE:AE,"Individual") -> 11635 | F5: =SUMIFS('Raw Data'!R:R,'Raw Data'!AC:AC,"Tipper",'Raw Data'!AE:AE,"Individual") -> 1007304.3 | G5: =SUMIFS('Raw Data'!J:J,'Raw Data'!AC:AC,"Tipper",'Raw Data'!AE:AE,"Individual") -> 14448.159 | H5: =IFERROR(AVERAGEIFS('Raw Data'!O:O,'Raw Data'!AC:AC,"Tipper",'Raw Data'!AD:AD,"Operational",'Raw Data'!AE:AE,"Individual"),0) -> 0.6335626
A6: Dumper | B6: =COUNTIFS('Raw Data'!AC:AC,"Dumper",'Raw Data'!AD:AD,"Operational",'Raw Data'!AE:AE,"Individual") -> 75 | C6: =SUMIFS('Raw Data'!W:W,'Raw Data'!AC:AC,"Dumper",'Raw Data'!AE:AE,"Individual") -> 561685.83 | D6: =IFERROR(AVERAGEIFS('Raw Data'!X:X,'Raw Data'!AC:AC,"Dumper",'Raw Data'!AD:AD,"Operational",'Raw Data'!AE:AE,"Individual"),0) -> 20.09846 | E6: =SUMIFS('Raw Data'!U:U,'Raw Data'!AC:AC,"Dumper",'Raw Data'!AE:AE,"Individual") -> 1469194 | F6: =SUMIFS('Raw Data'!R:R,'Raw Data'!AC:AC,"Dumper",'Raw Data'!AE:AE,"Individual") -> 1935.3 | G6: =SUMIFS('Raw Data'!J:J,'Raw Data'!AC:AC,"Dumper",'Raw Data'!AE:AE,"Individual") -> 5051.5938 | H6: =IFERROR(AVERAGEIFS('Raw Data'!O:O,'Raw Data'!AC:AC,"Dumper",'Raw Data'!AD:AD,"Operational",'Raw Data'!AE:AE,"Individual"),0) -> 0.60892491
A7: Excavator | B7: =COUNTIFS('Raw Data'!AC:AC,"Excavator",'Raw Data'!AD:AD,"Operational",'Raw Data'!AE:AE,"Individual") -> 27 | C7: =SUMIFS('Raw Data'!W:W,'Raw Data'!AC:AC,"Excavator",'Raw Data'!AE:AE,"Individual") -> 526974 | D7: =IFERROR(AVERAGEIFS('Raw Data'!X:X,'Raw Data'!AC:AC,"Excavator",'Raw Data'!AD:AD,"Operational",'Raw Data'!AE:AE,"Individual"),0) -> 1983.126 | E7: =SUMIFS('Raw Data'!U:U,'Raw Data'!AC:AC,"Excavator",'Raw Data'!AE:AE,"Individual") -> 0 | F7: =SUMIFS('Raw Data'!R:R,'Raw Data'!AC:AC,"Excavator",'Raw Data'!AE:AE,"Individual") -> 0 | G7: =SUMIFS('Raw Data'!J:J,'Raw Data'!AC:AC,"Excavator",'Raw Data'!AE:AE,"Individual") -> 1359.2697 | H7: =IFERROR(AVERAGEIFS('Raw Data'!O:O,'Raw Data'!AC:AC,"Excavator",'Raw Data'!AD:AD,"Operational",'Raw Data'!AE:AE,"Individual"),0) -> 0.57197432
A8: Front End Loader | B8: =COUNTIFS('Raw Data'!AC:AC,"Front End Loader",'Raw Data'!AD:AD,"Operational",'Raw Data'!AE:AE,"Individual") -> 15 | C8: =SUMIFS('Raw Data'!W:W,'Raw Data'!AC:AC,"Front End Loader",'Raw Data'!AE:AE,"Individual") -> 104808.78 | D8: =IFERROR(AVERAGEIFS('Raw Data'!X:X,'Raw Data'!AC:AC,"Front End Loader",'Raw Data'!AD:AD,"Operational",'Raw Data'!AE:AE,"Individual"),0) -> 36.002015 | E8: =SUMIFS('Raw Data'!U:U,'Raw Data'!AC:AC,"Front End Loader",'Raw Data'!AE:AE,"Individual") -> 0 | F8: =SUMIFS('Raw Data'!R:R,'Raw Data'!AC:AC,"Front End Loader",'Raw Data'!AE:AE,"Individual") -> 0 | G8: =SUMIFS('Raw Data'!J:J,'Raw Data'!AC:AC,"Front End Loader",'Raw Data'!AE:AE,"Individual") -> 3821.2328 | H8: =IFERROR(AVERAGEIFS('Raw Data'!O:O,'Raw Data'!AC:AC,"Front End Loader",'Raw Data'!AD:AD,"Operational",'Raw Data'!AE:AE,"Individual"),0) -> 0.69993885
A9: Surface Miner | B9: =COUNTIFS('Raw Data'!AC:AC,"Surface Miner",'Raw Data'!AD:AD,"Operational",'Raw Data'!AE:AE,"Individual") -> 5 | C9: =SUMIFS('Raw Data'!W:W,'Raw Data'!AC:AC,"Surface Miner",'Raw Data'!AE:AE,"Individual") -> 131057.1 | D9: =IFERROR(AVERAGEIFS('Raw Data'!X:X,'Raw Data'!AC:AC,"Surface Miner",'Raw Data'!AD:AD,"Operational",'Raw Data'!AE:AE,"Individual"),0) -> 67.865173 | E9: =SUMIFS('Raw Data'!U:U,'Raw Data'!AC:AC,"Surface Miner",'Raw Data'!AE:AE,"Individual") -> 0 | F9: =SUMIFS('Raw Data'!R:R,'Raw Data'!AC:AC,"Surface Miner",'Raw Data'!AE:AE,"Individual") -> 0 | G9: =SUMIFS('Raw Data'!J:J,'Raw Data'!AC:AC,"Surface Miner",'Raw Data'!AE:AE,"Individual") -> 153.5748 | H9: =IFERROR(AVERAGEIFS('Raw Data'!O:O,'Raw Data'!AC:AC,"Surface Miner",'Raw Data'!AD:AD,"Operational",'Raw Data'!AE:AE,"Individual"),0) -> 0.52831484
A10: Diesel Bowser | B10: =COUNTIFS('Raw Data'!AC:AC,"Diesel Bowser",'Raw Data'!AD:AD,"Operational",'Raw Data'!AE:AE,"Individual") -> 6 | C10: =SUMIFS('Raw Data'!W:W,'Raw Data'!AC:AC,"Diesel Bowser",'Raw Data'!AE:AE,"Individual") -> 4386.17 | D10: =IFERROR(AVERAGEIFS('Raw Data'!X:X,'Raw Data'!AC:AC,"Diesel Bowser",'Raw Data'!AD:AD,"Operational",'Raw Data'!AE:AE,"Individual"),0) -> 14.181923 | E10: =SUMIFS('Raw Data'!U:U,'Raw Data'!AC:AC,"Diesel Bowser",'Raw Data'!AE:AE,"Individual") -> 0 | F10: =SUMIFS('Raw Data'!R:R,'Raw Data'!AC:AC,"Diesel Bowser",'Raw Data'!AE:AE,"Individual") -> 0 | G10: =SUMIFS('Raw Data'!J:J,'Raw Data'!AC:AC,"Diesel Bowser",'Raw Data'!AE:AE,"Individual") -> 1748.9081 | H10: =IFERROR(AVERAGEIFS('Raw Data'!O:O,'Raw Data'!AC:AC,"Diesel Bowser",'Raw Data'!AD:AD,"Operational",'Raw Data'!AE:AE,"Individual"),0) -> 0.67771641
A13: INDIVIDUAL EQUIPMENT – sorted by Diesel Consumed | ID static, values = INDEX/MATCH
A14: Equip Group | B14: Equipment ID | C14: Total Diesel (L) | D14: L/Hr (Overall) | E14: L/Hr (Productive) | F14: Op Hours | G14: OB CUM (m³) | H14: ROM (T)
A15: =IFERROR(INDEX('Raw Data'!AC:AC,MATCH($B15,'Raw Data'!$C:$C,0)),"-") -> Excavator | B15: EX-001 | C15: =IFERROR(INDEX('Raw Data'!W:W,MATCH($B15,'Raw Data'!$C:$C,0)),"-") -> 74157.34 | D15: =IFERROR(INDEX('Raw Data'!X:X,MATCH($B15,'Raw Data'!$C:$C,0)),"-") -> 120.3012 | E15: =IFERROR(INDEX('Raw Data'!Y:Y,MATCH($B15,'Raw Data'!$C:$C,0)),"-") -> 74157.34 | F15: =IFERROR(INDEX('Raw Data'!F:F,MATCH($B15,'Raw Data'!$C:$C,0)),"-") -> 637.397 | G15: =IFERROR(INDEX('Raw Data'!U:U,MATCH($B15,'Raw Data'!$C:$C,0)),"-") -> 0 | H15: =IFERROR(INDEX('Raw Data'!R:R,MATCH($B15,'Raw Data'!$C:$C,0)),"-") -> 0
A16: =IFERROR(INDEX('Raw Data'!AC:AC,MATCH($B16,'Raw Data'!$C:$C,0)),"-") -> Excavator | B16: EX-205 | C16: =IFERROR(INDEX('Raw Data'!W:W,MATCH($B16,'Raw Data'!$C:$C,0)),"-") -> 34169.98 | D16: =IFERROR(INDEX('Raw Data'!X:X,MATCH($B16,'Raw Data'!$C:$C,0)),"-") -> 57.178825 | E16: =IFERROR(INDEX('Raw Data'!Y:Y,MATCH($B16,'Raw Data'!$C:$C,0)),"-") -> 34169.98 | F16: =IFERROR(INDEX('Raw Data'!F:F,MATCH($B16,'Raw Data'!$C:$C,0)),"-") -> 614.3919 | G16: =IFERROR(INDEX('Raw Data'!U:U,MATCH($B16,'Raw Data'!$C:$C,0)),"-") -> 0 | H16: =IFERROR(INDEX('Raw Data'!R:R,MATCH($B16,'Raw Data'!$C:$C,0)),"-") -> 0
A17: =IFERROR(INDEX('Raw Data'!AC:AC,MATCH($B17,'Raw Data'!$C:$C,0)),"-") -> Excavator | B17: EX-201 | C17: =IFERROR(INDEX('Raw Data'!W:W,MATCH($B17,'Raw Data'!$C:$C,0)),"-") -> 33699.43 | D17: =IFERROR(INDEX('Raw Data'!X:X,MATCH($B17,'Raw Data'!$C:$C,0)),"-") -> 60.223183 | E17: =IFERROR(INDEX('Raw Data'!Y:Y,MATCH($B17,'Raw Data'!$C:$C,0)),"-") -> 33699.43 | F17: =IFERROR(INDEX('Raw Data'!F:F,MATCH($B17,'Raw Data'!$C:$C,0)),"-") -> 574.621 | G17: =IFERROR(INDEX('Raw Data'!U:U,MATCH($B17,'Raw Data'!$C:$C,0)),"-") -> 0 | H17: =IFERROR(INDEX('Raw Data'!R:R,MATCH($B17,'Raw Data'!$C:$C,0)),"-") -> 0
A18: =IFERROR(INDEX('Raw Data'!AC:AC,MATCH($B18,'Raw Data'!$C:$C,0)),"-") -> Surface Miner | B18: CSM-006 | C18: =IFERROR(INDEX('Raw Data'!W:W,MATCH($B18,'Raw Data'!$C:$C,0)),"-") -> 33431.15 | D18: =IFERROR(INDEX('Raw Data'!X:X,MATCH($B18,'Raw Data'!$C:$C,0)),"-") -> 86.278411 | E18: =IFERROR(INDEX('Raw Data'!Y:Y,MATCH($B18,'Raw Data'!$C:$C,0)),"-") -> 33431.15 | F18: =IFERROR(INDEX('Raw Data'!F:F,MATCH($B18,'Raw Data'!$C:$C,0)),"-") -> 397.6374 | G18: =IFERROR(INDEX('Raw Data'!U:U,MATCH($B18,'Raw Data'!$C:$C,0)),"-") -> 0 | H18: =IFERROR(INDEX('Raw Data'!R:R,MATCH($B18,'Raw Data'!$C:$C,0)),"-") -> 0
A19: =IFERROR(INDEX('Raw Data'!AC:AC,MATCH($B19,'Raw Data'!$C:$C,0)),"-") -> Excavator | B19: EX-148 | C19: =IFERROR(INDEX('Raw Data'!W:W,MATCH($B19,'Raw Data'!$C:$C,0)),"-") -> 30935.58 | D19: =IFERROR(INDEX('Raw Data'!X:X,MATCH($B19,'Raw Data'!$C:$C,0)),"-") -> 52.189523 | E19: =IFERROR(INDEX('Raw Data'!Y:Y,MATCH($B19,'Raw Data'!$C:$C,0)),"-") -> 30935.58 | F19: =IFERROR(INDEX('Raw Data'!F:F,MATCH($B19,'Raw Data'!$C:$C,0)),"-") -> 610.1609 | G19: =IFERROR(INDEX('Raw Data'!U:U,MATCH($B19,'Raw Data'!$C:$C,0)),"-") -> 0 | H19: =IFERROR(INDEX('Raw Data'!R:R,MATCH($B19,'Raw Data'!$C:$C,0)),"-") -> 0
A20: =IFERROR(INDEX('Raw Data'!AC:AC,MATCH($B20,'Raw Data'!$C:$C,0)),"-") -> Excavator | B20: EX-196 | C20: =IFERROR(INDEX('Raw Data'!W:W,MATCH($B20,'Raw Data'!$C:$C,0)),"-") -> 30435.45 | D20: =IFERROR(INDEX('Raw Data'!X:X,MATCH($B20,'Raw Data'!$C:$C,0)),"-") -> 52222.804 | E20: =IFERROR(INDEX('Raw Data'!Y:Y,MATCH($B20,'Raw Data'!$C:$C,0)),"-") -> 30435.45 | F20: =IFERROR(INDEX('Raw Data'!F:F,MATCH($B20,'Raw Data'!$C:$C,0)),"-") -> 0.5828 | G20: =IFERROR(INDEX('Raw Data'!U:U,MATCH($B20,'Raw Data'!$C:$C,0)),"-") -> 0 | H20: =IFERROR(INDEX('Raw Data'!R:R,MATCH($B20,'Raw Data'!$C:$C,0)),"-") -> 0
A21: =IFERROR(INDEX('Raw Data'!AC:AC,MATCH($B21,'Raw Data'!$C:$C,0)),"-") -> Surface Miner | B21: CSM-007 | C21: =IFERROR(INDEX('Raw Data'!W:W,MATCH($B21,'Raw Data'!$C:$C,0)),"-") -> 29524.56 | D21: =IFERROR(INDEX('Raw Data'!X:X,MATCH($B21,'Raw Data'!$C:$C,0)),"-") -> 78.639282 | E21: =IFERROR(INDEX('Raw Data'!Y:Y,MATCH($B21,'Raw Data'!$C:$C,0)),"-") -> 29524.56 | F21: =IFERROR(INDEX('Raw Data'!F:F,MATCH($B21,'Raw Data'!$C:$C,0)),"-") -> 381.0742 | G21: =IFERROR(INDEX('Raw Data'!U:U,MATCH($B21,'Raw Data'!$C:$C,0)),"-") -> 0 | H21: =IFERROR(INDEX('Raw Data'!R:R,MATCH($B21,'Raw Data'!$C:$C,0)),"-") -> 0
A22: =IFERROR(INDEX('Raw Data'!AC:AC,MATCH($B22,'Raw Data'!$C:$C,0)),"-") -> Excavator | B22: EX-207 | C22: =IFERROR(INDEX('Raw Data'!W:W,MATCH($B22,'Raw Data'!$C:$C,0)),"-") -> 27856.62 | D22: =IFERROR(INDEX('Raw Data'!X:X,MATCH($B22,'Raw Data'!$C:$C,0)),"-") -> 97.820371 | E22: =IFERROR(INDEX('Raw Data'!Y:Y,MATCH($B22,'Raw Data'!$C:$C,0)),"-") -> 27856.62 | F22: =IFERROR(INDEX('Raw Data'!F:F,MATCH($B22,'Raw Data'!$C:$C,0)),"-") -> 295.898 | G22: =IFERROR(INDEX('Raw Data'!U:U,MATCH($B22,'Raw Data'!$C:$C,0)),"-") -> 0 | H22: =IFERROR(INDEX('Raw Data'!R:R,MATCH($B22,'Raw Data'!$C:$C,0)),"-") -> 0
A23: =IFERROR(INDEX('Raw Data'!AC:AC,MATCH($B23,'Raw Data'!$C:$C,0)),"-") -> Excavator | B23: EX-197 | C23: =IFERROR(INDEX('Raw Data'!W:W,MATCH($B23,'Raw Data'!$C:$C,0)),"-") -> 26508.62 | D23: =IFERROR(INDEX('Raw Data'!X:X,MATCH($B23,'Raw Data'!$C:$C,0)),"-") -> 46.558783 | E23: =IFERROR(INDEX('Raw Data'!Y:Y,MATCH($B23,'Raw Data'!$C:$C,0)),"-") -> 26508.62 | F23: =IFERROR(INDEX('Raw Data'!F:F,MATCH($B23,'Raw Data'!$C:$C,0)),"-") -> 585.6138 | G23: =IFERROR(INDEX('Raw Data'!U:U,MATCH($B23,'Raw Data'!$C:$C,0)),"-") -> 0 | H23: =IFERROR(INDEX('Raw Data'!R:R,MATCH($B23,'Raw Data'!$C:$C,0)),"-") -> 0
A24: =IFERROR(INDEX('Raw Data'!AC:AC,MATCH($B24,'Raw Data'!$C:$C,0)),"-") -> Excavator | B24: EX-161 | C24: =IFERROR(INDEX('Raw Data'!W:W,MATCH($B24,'Raw Data'!$C:$C,0)),"-") -> 25907.33 | D24: =IFERROR(INDEX('Raw Data'!X:X,MATCH($B24,'Raw Data'!$C:$C,0)),"-") -> 48.508078 | E24: =IFERROR(INDEX('Raw Data'!Y:Y,MATCH($B24,'Raw Data'!$C:$C,0)),"-") -> 25907.33 | F24: =IFERROR(INDEX('Raw Data'!F:F,MATCH($B24,'Raw Data'!$C:$C,0)),"-") -> 551.3549 | G24: =IFERROR(INDEX('Raw Data'!U:U,MATCH($B24,'Raw Data'!$C:$C,0)),"-") -> 0 | H24: =IFERROR(INDEX('Raw Data'!R:R,MATCH($B24,'Raw Data'!$C:$C,0)),"-") -> 0
A25: =IFERROR(INDEX('Raw Data'!AC:AC,MATCH($B25,'Raw Data'!$C:$C,0)),"-") -> Dumper | B25: K-002 | C25: =IFERROR(INDEX('Raw Data'!W:W,MATCH($B25,'Raw Data'!$C:$C,0)),"-") -> 25352.61 | D25: =IFERROR(INDEX('Raw Data'!X:X,MATCH($B25,'Raw Data'!$C:$C,0)),"-") -> 43.782611 | E25: =IFERROR(INDEX('Raw Data'!Y:Y,MATCH($B25,'Raw Data'!$C:$C,0)),"-") -> 24262.883 | F25: =IFERROR(INDEX('Raw Data'!F:F,MATCH($B25,'Raw Data'!$C:$C,0)),"-") -> 560.6633 | G25: =IFERROR(INDEX('Raw Data'!U:U,MATCH($B25,'Raw Data'!$C:$C,0)),"-") -> 60144 | H25: =IFERROR(INDEX('Raw Data'!R:R,MATCH($B25,'Raw Data'!$C:$C,0)),"-") -> 0
A26: =IFERROR(INDEX('Raw Data'!AC:AC,MATCH($B26,'Raw Data'!$C:$C,0)),"-") -> Excavator | B26: EX-164 | C26: =IFERROR(INDEX('Raw Data'!W:W,MATCH($B26,'Raw Data'!$C:$C,0)),"-") -> 23308.72 | D26: =IFERROR(INDEX('Raw Data'!X:X,MATCH($B26,'Raw Data'!$C:$C,0)),"-") -> 124.41629 | E26: =IFERROR(INDEX('Raw Data'!Y:Y,MATCH($B26,'Raw Data'!$C:$C,0)),"-") -> 23308.72 | F26: =IFERROR(INDEX('Raw Data'!F:F,MATCH($B26,'Raw Data'!$C:$C,0)),"-") -> 194.5048 | G26: =IFERROR(INDEX('Raw Data'!U:U,MATCH($B26,'Raw Data'!$C:$C,0)),"-") -> 0 | H26: =IFERROR(INDEX('Raw Data'!R:R,MATCH($B26,'Raw Data'!$C:$C,0)),"-") -> 0
... A204: =IFERROR(INDEX('Raw Data'!AC:AC,MATCH($B204,'Raw Data'!$C:$C,0)),"-") -> Diesel Bowser | B204: DB-021 | C204: =IFERROR(INDEX('Raw Data'!W:W,MATCH($B204,'Raw Data'!$C:$C,0)),"-") -> 0 | D204: =IFERROR(INDEX('Raw Data'!X:X,MATCH($B204,'Raw Data'!$C:$C,0)),"-") -> 0 | E204: =IFERROR(INDEX('Raw Data'!Y:Y,MATCH($B204,'Raw Data'!$C:$C,0)),"-") -> 0 | F204: =IFERROR(INDEX('Raw Data'!F:F,MATCH($B204,'Raw Data'!$C:$C,0)),"-") -> 720 | G204: =IFERROR(INDEX('Raw Data'!U:U,MATCH($B204,'Raw Data'!$C:$C,0)),"-") -> 0 | H204: =IFERROR(INDEX('Raw Data'!R:R,MATCH($B204,'Raw Data'!$C:$C,0)),"-") -> 0

Sheet Idle Time Analysis
A1: IDLE TIME & BREAKDOWN ANALYSIS | APRIL 2025 — Values from Raw Data formulas
A3: GROUP SUMMARY (SUMIFS / AVERAGEIFS formulas)
A4: Equipment Group | B4: Op Units | C4: Total Idle Hrs | D4: Avg Idle/Unit | E4: Idle % of Avail | F4: Total Brkdn Hrs | G4: Brkdn % of Shift | H4: Avg Shift Hrs
A5: Tipper | B5: =COUNTIFS('Raw Data'!AC:AC,"Tipper",'Raw Data'!AD:AD,"Operational",'Raw Data'!AE:AE,"Individual") -> 62 | C5: =SUMIFS('Raw Data'!J:J,'Raw Data'!AC:AC,"Tipper",'Raw Data'!AD:AD,"Operational",'Raw Data'!AE:AE,"Individual") -> 14448.159 | D5: =IFERROR(AVERAGEIFS('Raw Data'!J:J,'Raw Data'!AC:AC,"Tipper",'Raw Data'!AD:AD,"Operational",'Raw Data'!AE:AE,"Individual"),0) -> 233.03482 | E5: =IFERROR(SUMIFS('Raw Data'!J:J,'Raw Data'!AC:AC,"Tipper",'Raw Data'!AD:AD,"Operational",'Raw Data'!AE:AE,"Individual")/SUMIFS('Raw Data'!E:E,'Raw Data'!AC:AC,"Tipper",'Raw Data'!AD:AD,"Operational",'Raw Data'!AE:AE,"Individual"),0) -> 0.51115999 | F5: =SUMIFS('Raw Data'!H:H,'Raw Data'!AC:AC,"Tipper",'Raw Data'!AD:AD,"Operational",'Raw Data'!AE:AE,"Individual") -> 16346.827 | G5: =IFERROR(SUMIFS('Raw Data'!H:H,'Raw Data'!AC:AC,"Tipper",'Raw Data'!AE:AE,"Individual")/SUMIFS('Raw Data'!D:D,'Raw Data'!AC:AC,"Tipper",'Raw Data'!AE:AE,"Individual"),0) -> 0.40484127 | H5: =IFERROR(AVERAGEIFS('Raw Data'!D:D,'Raw Data'!AC:AC,"Tipper",'Raw Data'!AE:AE,"Individual"),0) -> 719.57971
A6: Dumper | B6: =COUNTIFS('Raw Data'!AC:AC,"Dumper",'Raw Data'!AD:AD,"Operational",'Raw Data'!AE:AE,"Individual") -> 75 | C6: =SUMIFS('Raw Data'!J:J,'Raw Data'!AC:AC,"Dumper",'Raw Data'!AD:AD,"Operational",'Raw Data'!AE:AE,"Individual") -> 5051.5938 | D6: =IFERROR(AVERAGEIFS('Raw Data'!J:J,'Raw Data'!AC:AC,"Dumper",'Raw Data'!AD:AD,"Operational",'Raw Data'!AE:AE,"Individual"),0) -> 67.354584 | E6: =IFERROR(SUMIFS('Raw Data'!J:J,'Raw Data'!AC:AC,"Dumper",'Raw Data'!AD:AD,"Operational",'Raw Data'!AE:AE,"Individual")/SUMIFS('Raw Data'!E:E,'Raw Data'!AC:AC,"Dumper",'Raw Data'!AD:AD,"Operational",'Raw Data'!AE:AE,"Individual"),0) -> 0.15363115 | F6: =SUMIFS('Raw Data'!H:H,'Raw Data'!AC:AC,"Dumper",'Raw Data'!AD:AD,"Operational",'Raw Data'!AE:AE,"Individual") -> 21115.154 | G6: =IFERROR(SUMIFS('Raw Data'!H:H,'Raw Data'!AC:AC,"Dumper",'Raw Data'!AE:AE,"Individual")/SUMIFS('Raw Data'!D:D,'Raw Data'!AC:AC,"Dumper",'Raw Data'!AE:AE,"Individual"),0) -> 0.40686494 | H6: =IFERROR(AVERAGEIFS('Raw Data'!D:D,'Raw Data'!AC:AC,"Dumper",'Raw Data'!AE:AE,"Individual"),0) -> 719.95409
A7: Excavator | B7: =COUNTIFS('Raw Data'!AC:AC,"Excavator",'Raw Data'!AD:AD,"Operational",'Raw Data'!AE:AE,"Individual") -> 27 | C7: =SUMIFS('Raw Data'!J:J,'Raw Data'!AC:AC,"Excavator",'Raw Data'!AD:AD,"Operational",'Raw Data'!AE:AE,"Individual") -> 1359.2697 | D7: =IFERROR(AVERAGEIFS('Raw Data'!J:J,'Raw Data'!AC:AC,"Excavator",'Raw Data'!AD:AD,"Operational",'Raw Data'!AE:AE,"Individual"),0) -> 50.343322 | E7: =IFERROR(SUMIFS('Raw Data'!J:J,'Raw Data'!AC:AC,"Excavator",'Raw Data'!AD:AD,"Operational",'Raw Data'!AE:AE,"Individual")/SUMIFS('Raw Data'!E:E,'Raw Data'!AC:AC,"Excavator",'Raw Data'!AD:AD,"Operational",'Raw Data'!AE:AE,"Individual"),0) -> 0.12234944 | F7: =SUMIFS('Raw Data'!H:H,'Raw Data'!AC:AC,"Excavator",'Raw Data'!AD:AD,"Operational",'Raw Data'!AE:AE,"Individual") -> 8308.1913 | G7: =IFERROR(SUMIFS('Raw Data'!H:H,'Raw Data'!AC:AC,"Excavator",'Raw Data'!AE:AE,"Individual")/SUMIFS('Raw Data'!D:D,'Raw Data'!AC:AC,"Excavator",'Raw Data'!AE:AE,"Individual"),0) -> 0.44831785 | H7: =IFERROR(AVERAGEIFS('Raw Data'!D:D,'Raw Data'!AC:AC,"Excavator",'Raw Data'!AE:AE,"Individual"),0) -> 719.21161
A8: Front End Loader | B8: =COUNTIFS('Raw Data'!AC:AC,"Front End Loader",'Raw Data'!AD:AD,"Operational",'Raw Data'!AE:AE,"Individual") -> 15 | C8: =SUMIFS('Raw Data'!J:J,'Raw Data'!AC:AC,"Front End Loader",'Raw Data'!AD:AD,"Operational",'Raw Data'!AE:AE,"Individual") -> 3821.2328 | D8: =IFERROR(AVERAGEIFS('Raw Data'!J:J,'Raw Data'!AC:AC,"Front End Loader",'Raw Data'!AD:AD,"Operational",'Raw Data'!AE:AE,"Individual"),0) -> 254.74885 | E8: =IFERROR(SUMIFS('Raw Data'!J:J,'Raw Data'!AC:AC,"Front End Loader",'Raw Data'!AD:AD,"Operational",'Raw Data'!AE:AE,"Individual")/SUMIFS('Raw Data'!E:E,'Raw Data'!AC:AC,"Front End Loader",'Raw Data'!AD:AD,"Operational",'Raw Data'!AE:AE,"Individual"),0) -> 0.50589645 | F8: =SUMIFS('Raw Data'!H:H,'Raw Data'!AC:AC,"Front End Loader",'Raw Data'!AD:AD,"Operational",'Raw Data'!AE:AE,"Individual") -> 3229.3161 | G8: =IFERROR(SUMIFS('Raw Data'!H:H,'Raw Data'!AC:AC,"Front End Loader",'Raw Data'!AE:AE,"Individual")/SUMIFS('Raw Data'!D:D,'Raw Data'!AC:AC,"Front End Loader",'Raw Data'!AE:AE,"Individual"),0) -> 0.34333802 | H8: =IFERROR(AVERAGEIFS('Raw Data'!D:D,'Raw Data'!AC:AC,"Front End Loader",'Raw Data'!AE:AE,"Individual"),0) -> 718.91908
A9: Surface Miner | B9: =COUNTIFS('Raw Data'!AC:AC,"Surface Miner",'Raw Data'!AD:AD,"Operational",'Raw Data'!AE:AE,"Individual") -> 5 | C9: =SUMIFS('Raw Data'!J:J,'Raw Data'!AC:AC,"Surface Miner",'Raw Data'!AD:AD,"Operational",'Raw Data'!AE:AE,"Individual") -> 153.5748 | D9: =IFERROR(AVERAGEIFS('Raw Data'!J:J,'Raw Data'!AC:AC,"Surface Miner",'Raw Data'!AD:AD,"Operational",'Raw Data'!AE:AE,"Individual"),0) -> 30.71496 | E9: =IFERROR(SUMIFS('Raw Data'!J:J,'Raw Data'!AC:AC,"Surface Miner",'Raw Data'!AD:AD,"Operational",'Raw Data'!AE:AE,"Individual")/SUMIFS('Raw Data'!E:E,'Raw Data'!AC:AC,"Surface Miner",'Raw Data'!AD:AD,"Operational",'Raw Data'!AE:AE,"Individual"),0) -> 0.081429 | F9: =SUMIFS('Raw Data'!H:H,'Raw Data'!AC:AC,"Surface Miner",'Raw Data'!AD:AD,"Operational",'Raw Data'!AE:AE,"Individual") -> 1681.3121 | G9: =IFERROR(SUMIFS('Raw Data'!H:H,'Raw Data'!AC:AC,"Surface Miner",'Raw Data'!AE:AE,"Individual")/SUMIFS('Raw Data'!D:D,'Raw Data'!AC:AC,"Surface Miner",'Raw Data'!AE:AE,"Individual"),0) -> 0.56009781 | H9: =IFERROR(AVERAGEIFS('Raw Data'!D:D,'Raw Data'!AC:AC,"Surface Miner",'Raw Data'!AE:AE,"Individual"),0) -> 714.55142
A10: Diesel Bowser | B10: =COUNTIFS('Raw Data'!AC:AC,"Diesel Bowser",'Raw Data'!AD:AD,"Operational",'Raw Data'!AE:AE,"Individual") -> 6 | C10: =SUMIFS('Raw Data'!J:J,'Raw Data'!AC:AC,"Diesel Bowser",'Raw Data'!AD:AD,"Operational",'Raw Data'!AE:AE,"Individual") -> 1748.9081 | D10: =IFERROR(AVERAGEIFS('Raw Data'!J:J,'Raw Data'!AC:AC,"Diesel Bowser",'Raw Data'!AD:AD,"Operational",'Raw Data'!AE:AE,"Individual"),0) -> 291.48468 | E10: =IFERROR(SUMIFS('Raw Data'!J:J,'Raw Data'!AC:AC,"Diesel Bowser",'Raw Data'!AD:AD,"Operational",'Raw Data'!AE:AE,"Individual")/SUMIFS('Raw Data'!E:E,'Raw Data'!AC:AC,"Diesel Bowser",'Raw Data'!AD:AD,"Operational",'Raw Data'!AE:AE,"Individual"),0) -> 0.59735811 | F10: =SUMIFS('Raw Data'!H:H,'Raw Data'!AC:AC,"Diesel Bowser",'Raw Data'!AD:AD,"Operational",'Raw Data'!AE:AE,"Individual") -> 1392.2668 | G10: =IFERROR(SUMIFS('Raw Data'!H:H,'Raw Data'!AC:AC,"Diesel Bowser",'Raw Data'!AE:AE,"Individual")/SUMIFS('Raw Data'!D:D,'Raw Data'!AC:AC,"Diesel Bowser",'Raw Data'!AE:AE,"Individual"),0) -> 0.32228362 | H10: =IFERROR(AVERAGEIFS('Raw Data'!D:D,'Raw Data'!AC:AC,"Diesel Bowser",'Raw Data'!AE:AE,"Individual"),0) -> 720.00082
A13: TOP 30 HIGHEST IDLE HOURS | ID static, values = INDEX/MATCH | Ratios = in-row calc
A14: Equip Group | B14: Equipment ID | C14: Shift Hrs | D14: Avail Hrs | E14: Idle Hrs | F14: Idle % of Avail | G14: Brkdn Hrs | H14: Brkdn % of Shift
A15: =IFERROR(INDEX('Raw Data'!AC:AC,MATCH($B15,'Raw Data'!$C:$C,0)),"-") -> Front End Loader | B15: L-010 | C15: =IFERROR(INDEX('Raw Data'!D:D,MATCH($B15,'Raw Data'!$C:$C,0)),0) -> 720 | D15: =IFERROR(INDEX('Raw Data'!E:E,MATCH($B15,'Raw Data'!$C:$C,0)),0) -> 720 | E15: =IFERROR(INDEX('Raw Data'!J:J,MATCH($B15,'Raw Data'!$C:$C,0)),0) -> 720 | F15: =IFERROR(E15/D15,"-") -> 1 | G15: =IFERROR(INDEX('Raw Data'!H:H,MATCH($B15,'Raw Data'!$C:$C,0)),0) -> 0 | H15: =IFERROR(G15/C15,"-") -> 0
A16: =IFERROR(INDEX('Raw Data'!AC:AC,MATCH($B16,'Raw Data'!$C:$C,0)),"-") -> Tipper | B16: BB-510 | C16: =IFERROR(INDEX('Raw Data'!D:D,MATCH($B16,'Raw Data'!$C:$C,0)),0) -> 716.2894 | D16: =IFERROR(INDEX('Raw Data'!E:E,MATCH($B16,'Raw Data'!$C:$C,0)),0) -> 657.1802 | E16: =IFERROR(INDEX('Raw Data'!J:J,MATCH($B16,'Raw Data'!$C:$C,0)),0) -> 600.4674 | F16: =IFERROR(E16/D16,"-") -> 0.91370282 | G16: =IFERROR(INDEX('Raw Data'!H:H,MATCH($B16,'Raw Data'!$C:$C,0)),0) -> 59.1092 | H16: =IFERROR(G16/C16,"-") -> 0.082521394
A17: =IFERROR(INDEX('Raw Data'!AC:AC,MATCH($B17,'Raw Data'!$C:$C,0)),"-") -> Dumper | B17: K-004 | C17: =IFERROR(INDEX('Raw Data'!D:D,MATCH($B17,'Raw Data'!$C:$C,0)),0) -> 720.0003 | D17: =IFERROR(INDEX('Raw Data'!E:E,MATCH($B17,'Raw Data'!$C:$C,0)),0) -> 654.6692 | E17: =IFERROR(INDEX('Raw Data'!J:J,MATCH($B17,'Raw Data'!$C:$C,0)),0) -> 572.9036 | F17: =IFERROR(E17/D17,"-") -> 0.87510395 | G17: =IFERROR(INDEX('Raw Data'!H:H,MATCH($B17,'Raw Data'!$C:$C,0)),0) -> 65.3311 | H17: =IFERROR(G17/C17,"-") -> 0.090737601
A18: =IFERROR(INDEX('Raw Data'!AC:AC,MATCH($B18,'Raw Data'!$C:$C,0)),"-") -> Excavator | B18: EX-164 | C18: =IFERROR(INDEX('Raw Data'!D:D,MATCH($B18,'Raw Data'!$C:$C,0)),0) -> 720.0004 | D18: =IFERROR(INDEX('Raw Data'!E:E,MATCH($B18,'Raw Data'!$C:$C,0)),0) -> 684.2501 | E18: =IFERROR(INDEX('Raw Data'!J:J,MATCH($B18,'Raw Data'!$C:$C,0)),0) -> 489.7453 | F18: =IFERROR(E18/D18,"-") -> 0.71574019 | G18: =IFERROR(INDEX('Raw Data'!H:H,MATCH($B18,'Raw Data'!$C:$C,0)),0) -> 35.7503 | H18: =IFERROR(G18/C18,"-") -> 0.049653167
A19: =IFERROR(INDEX('Raw Data'!AC:AC,MATCH($B19,'Raw Data'!$C:$C,0)),"-") -> Diesel Bowser | B19: DB-338 | C19: =IFERROR(INDEX('Raw Data'!D:D,MATCH($B19,'Raw Data'!$C:$C,0)),0) -> 720.0015 | D19: =IFERROR(INDEX('Raw Data'!E:E,MATCH($B19,'Raw Data'!$C:$C,0)),0) -> 556.0058 | E19: =IFERROR(INDEX('Raw Data'!J:J,MATCH($B19,'Raw Data'!$C:$C,0)),0) -> 476.0734 | F19: =IFERROR(E19/D19,"-") -> 0.85623819 | G19: =IFERROR(INDEX('Raw Data'!H:H,MATCH($B19,'Raw Data'!$C:$C,0)),0) -> 163.9957 | H19: =IFERROR(G19/C19,"-") -> 0.22777133
A20: =IFERROR(INDEX('Raw Data'!AC:AC,MATCH($B20,'Raw Data'!$C:$C,0)),"-") -> Tipper | B20: BB-523 | C20: =IFERROR(INDEX('Raw Data'!D:D,MATCH($B20,'Raw Data'!$C:$C,0)),0) -> 720.0002 | D20: =IFERROR(INDEX('Raw Data'!E:E,MATCH($B20,'Raw Data'!$C:$C,0)),0) -> 626.2123 | E20: =IFERROR(INDEX('Raw Data'!J:J,MATCH($B20,'Raw Data'!$C:$C,0)),0) -> 450.2306 | F20: =IFERROR(E20/D20,"-") -> 0.71897438 | G20: =IFERROR(INDEX('Raw Data'!H:H,MATCH($B20,'Raw Data'!$C:$C,0)),0) -> 93.7879 | H20: =IFERROR(G20/C20,"-") -> 0.13026094
A21: =IFERROR(INDEX('Raw Data'!AC:AC,MATCH($B21,'Raw Data'!$C:$C,0)),"-") -> Tipper | B21: BB-358 | C21: =IFERROR(INDEX('Raw Data'!D:D,MATCH($B21,'Raw Data'!$C:$C,0)),0) -> 720.0006 | D21: =IFERROR(INDEX('Raw Data'!E:E,MATCH($B21,'Raw Data'!$C:$C,0)),0) -> 654.5274 | E21: =IFERROR(INDEX('Raw Data'!J:J,MATCH($B21,'Raw Data'!$C:$C,0)),0) -> 449.596 | F21: =IFERROR(E21/D21,"-") -> 0.68690172 | G21: =IFERROR(INDEX('Raw Data'!H:H,MATCH($B21,'Raw Data'!$C:$C,0)),0) -> 65.4732 | H21: =IFERROR(G21/C21,"-") -> 0.090934924
A22: =IFERROR(INDEX('Raw Data'!AC:AC,MATCH($B22,'Raw Data'!$C:$C,0)),"-") -> Diesel Bowser | B22: DB-007 | C22: =IFERROR(INDEX('Raw Data'!D:D,MATCH($B22,'Raw Data'!$C:$C,0)),0) -> 720.0008 | D22: =IFERROR(INDEX('Raw Data'!E:E,MATCH($B22,'Raw Data'!$C:$C,0)),0) -> 448.9174 | E22: =IFERROR(INDEX('Raw Data'!J:J,MATCH($B22,'Raw Data'!$C:$C,0)),0) -> 437.5351 | F22: =IFERROR(E22/D22,"-") -> 0.974645 | G22: =IFERROR(INDEX('Raw Data'!H:H,MATCH($B22,'Raw Data'!$C:$C,0)),0) -> 271.0834 | H22: =IFERROR(G22/C22,"-") -> 0.3765043
A23: =IFERROR(INDEX('Raw Data'!AC:AC,MATCH($B23,'Raw Data'!$C:$C,0)),"-") -> Tipper | B23: BB-508 | C23: =IFERROR(INDEX('Raw Data'!D:D,MATCH($B23,'Raw Data'!$C:$C,0)),0) -> 720.0011 | D23: =IFERROR(INDEX('Raw Data'!E:E,MATCH($B23,'Raw Data'!$C:$C,0)),0) -> 598.9494 | E23: =IFERROR(INDEX('Raw Data'!J:J,MATCH($B23,'Raw Data'!$C:$C,0)),0) -> 390.1304 | F23: =IFERROR(E23/D23,"-") -> 0.65135786 | G23: =IFERROR(INDEX('Raw Data'!H:H,MATCH($B23,'Raw Data'!$C:$C,0)),0) -> 121.0517 | H23: =IFERROR(G23/C23,"-") -> 0.1681271
A24: =IFERROR(INDEX('Raw Data'!AC:AC,MATCH($B24,'Raw Data'!$C:$C,0)),"-") -> Tipper | B24: BB-435 | C24: =IFERROR(INDEX('Raw Data'!D:D,MATCH($B24,'Raw Data'!$C:$C,0)),0) -> 720.001 | D24: =IFERROR(INDEX('Raw Data'!E:E,MATCH($B24,'Raw Data'!$C:$C,0)),0) -> 600.4016 | E24: =IFERROR(INDEX('Raw Data'!J:J,MATCH($B24,'Raw Data'!$C:$C,0)),0) -> 386.5458 | F24: =IFERROR(E24/D24,"-") -> 0.64381208 | G24: =IFERROR(INDEX('Raw Data'!H:H,MATCH($B24,'Raw Data'!$C:$C,0)),0) -> 119.5994 | H24: =IFERROR(G24/C24,"-") -> 0.16611005
A25: =IFERROR(INDEX('Raw Data'!AC:AC,MATCH($B25,'Raw Data'!$C:$C,0)),"-") -> Tipper | B25: BB-410 | C25: =IFERROR(INDEX('Raw Data'!D:D,MATCH($B25,'Raw Data'!$C:$C,0)),0) -> 720.0011 | D25: =IFERROR(INDEX('Raw Data'!E:E,MATCH($B25,'Raw Data'!$C:$C,0)),0) -> 582.8098 | E25: =IFERROR(INDEX('Raw Data'!J:J,MATCH($B25,'Raw Data'!$C:$C,0)),0) -> 380.0107 | F25: =IFERROR(E25/D25,"-") -> 0.6520321 | G25: =IFERROR(INDEX('Raw Data'!H:H,MATCH($B25,'Raw Data'!$C:$C,0)),0) -> 137.1913 | H25: =IFERROR(G25/C25,"-") -> 0.19054318
A26: =IFERROR(INDEX('Raw Data'!AC:AC,MATCH($B26,'Raw Data'!$C:$C,0)),"-") -> Tipper | B26: BB-397 | C26: =IFERROR(INDEX('Raw Data'!D:D,MATCH($B26,'Raw Data'!$C:$C,0)),0) -> 720.0002 | D26: =IFERROR(INDEX('Raw Data'!E:E,MATCH($B26,'Raw Data'!$C:$C,0)),0) -> 451.475 | E26: =IFERROR(INDEX('Raw Data'!J:J,MATCH($B26,'Raw Data'!$C:$C,0)),0) -> 370.503 | F26: =IFERROR(E26/D26,"-") -> 0.82065009 | G26: =IFERROR(INDEX('Raw Data'!H:H,MATCH($B26,'Raw Data'!$C:$C,0)),0) -> 268.5252 | H26: =IFERROR(G26/C26,"-") -> 0.37295156
... A44: =IFERROR(INDEX('Raw Data'!AC:AC,MATCH($B44,'Raw Data'!$C:$C,0)),"-") -> Tipper | B44: BB-400 | C44: =IFERROR(INDEX('Raw Data'!D:D,MATCH($B44,'Raw Data'!$C:$C,0)),0) -> 720.0029 | D44: =IFERROR(INDEX('Raw Data'!E:E,MATCH($B44,'Raw Data'!$C:$C,0)),0) -> 521.6522 | E44: =IFERROR(INDEX('Raw Data'!J:J,MATCH($B44,'Raw Data'!$C:$C,0)),0) -> 298.3082 | F44: =IFERROR(E44/D44,"-") -> 0.57185266 | G44: =IFERROR(INDEX('Raw Data'!H:H,MATCH($B44,'Raw Data'!$C:$C,0)),0) -> 198.3507 | H44: =IFERROR(G44/C44,"-") -> 0.27548597

Sheet Production KPIs
A1: PRODUCTION KPIs – TIPPERS & DUMPERS | APRIL 2025 — Values from Raw Data formulas
A3: TIPPER ROM PRODUCTION | ID static, values = INDEX/MATCH | Derived ratios = in-row calc
A4: Equipment ID | B4: Shift Hrs | C4: Avail % | D4: Util % | E4: ROM Trips | F4: ROM Tonnes | G4: Avg T/Trip | H4: Diesel (L) | I4: L/Tonne
A5: BB-594 | B5: =IFERROR(INDEX('Raw Data'!D:D,MATCH($A5,'Raw Data'!$C:$C,0)),0) -> 720.0017 | C5: =IFERROR(INDEX('Raw Data'!O:O,MATCH($A5,'Raw Data'!$C:$C,0)),0) -> 0.84827897 | D5: =IFERROR(INDEX('Raw Data'!P:P,MATCH($A5,'Raw Data'!$C:$C,0)),0) -> 0.60878708 | E5: =IFERROR(INDEX('Raw Data'!Q:Q,MATCH($A5,'Raw Data'!$C:$C,0)),0) -> 949 | F5: =IFERROR(INDEX('Raw Data'!R:R,MATCH($A5,'Raw Data'!$C:$C,0)),0) -> 33780.29 | G5: =IFERROR(F5/E5,"-") -> 35.595669 | H5: =IFERROR(INDEX('Raw Data'!W:W,MATCH($A5,'Raw Data'!$C:$C,0)),0) -> 5309.29 | I5: =IFERROR(H5/F5,"-") -> 0.15717124
A6: BB-593 | B6: =IFERROR(INDEX('Raw Data'!D:D,MATCH($A6,'Raw Data'!$C:$C,0)),0) -> 720.001 | C6: =IFERROR(INDEX('Raw Data'!O:O,MATCH($A6,'Raw Data'!$C:$C,0)),0) -> 0.94559549 | D6: =IFERROR(INDEX('Raw Data'!P:P,MATCH($A6,'Raw Data'!$C:$C,0)),0) -> 0.52866936 | E6: =IFERROR(INDEX('Raw Data'!Q:Q,MATCH($A6,'Raw Data'!$C:$C,0)),0) -> 944 | F6: =IFERROR(INDEX('Raw Data'!R:R,MATCH($A6,'Raw Data'!$C:$C,0)),0) -> 33439.71 | G6: =IFERROR(F6/E6,"-") -> 35.423422 | H6: =IFERROR(INDEX('Raw Data'!W:W,MATCH($A6,'Raw Data'!$C:$C,0)),0) -> 4694.28 | I6: =IFERROR(H6/F6,"-") -> 0.1403804
A7: BB-587 | B7: =IFERROR(INDEX('Raw Data'!D:D,MATCH($A7,'Raw Data'!$C:$C,0)),0) -> 720.0011 | C7: =IFERROR(INDEX('Raw Data'!O:O,MATCH($A7,'Raw Data'!$C:$C,0)),0) -> 0.91506791 | D7: =IFERROR(INDEX('Raw Data'!P:P,MATCH($A7,'Raw Data'!$C:$C,0)),0) -> 0.60568348 | E7: =IFERROR(INDEX('Raw Data'!Q:Q,MATCH($A7,'Raw Data'!$C:$C,0)),0) -> 925 | F7: =IFERROR(INDEX('Raw Data'!R:R,MATCH($A7,'Raw Data'!$C:$C,0)),0) -> 32484.98 | G7: =IFERROR(F7/E7,"-") -> 35.118897 | H7: =IFERROR(INDEX('Raw Data'!W:W,MATCH($A7,'Raw Data'!$C:$C,0)),0) -> 5494.24 | I7: =IFERROR(H7/F7,"-") -> 0.1691317
A8: BB-586 | B8: =IFERROR(INDEX('Raw Data'!D:D,MATCH($A8,'Raw Data'!$C:$C,0)),0) -> 720.001 | C8: =IFERROR(INDEX('Raw Data'!O:O,MATCH($A8,'Raw Data'!$C:$C,0)),0) -> 0.93082051 | D8: =IFERROR(INDEX('Raw Data'!P:P,MATCH($A8,'Raw Data'!$C:$C,0)),0) -> 0.63518692 | E8: =IFERROR(INDEX('Raw Data'!Q:Q,MATCH($A8,'Raw Data'!$C:$C,0)),0) -> 911 | F8: =IFERROR(INDEX('Raw Data'!R:R,MATCH($A8,'Raw Data'!$C:$C,0)),0) -> 32265.1 | G8: =IFERROR(F8/E8,"-") -> 35.417234 | H8: =IFERROR(INDEX('Raw Data'!W:W,MATCH($A8,'Raw Data'!$C:$C,0)),0) -> 5821.43 | I8: =IFERROR(H8/F8,"-") -> 0.18042498
A9: BB-591 | B9: =IFERROR(INDEX('Raw Data'!D:D,MATCH($A9,'Raw Data'!$C:$C,0)),0) -> 720.0002 | C9: =IFERROR(INDEX('Raw Data'!O:O,MATCH($A9,'Raw Data'!$C:$C,0)),0) -> 0.94715238 | D9: =IFERROR(INDEX('Raw Data'!P:P,MATCH($A9,'Raw Data'!$C:$C,0)),0) -> 0.55899986 | E9: =IFERROR(INDEX('Raw Data'!Q:Q,MATCH($A9,'Raw Data'!$C:$C,0)),0) -> 904 | F9: =IFERROR(INDEX('Raw Data'!R:R,MATCH($A9,'Raw Data'!$C:$C,0)),0) -> 31807.29 | G9: =IFERROR(F9/E9,"-") -> 35.185055 | H9: =IFERROR(INDEX('Raw Data'!W:W,MATCH($A9,'Raw Data'!$C:$C,0)),0) -> 5689.4 | I9: =IFERROR(H9/F9,"-") -> 0.17887094
A10: BB-589 | B10: =IFERROR(INDEX('Raw Data'!D:D,MATCH($A10,'Raw Data'!$C:$C,0)),0) -> 720.0002 | C10: =IFERROR(INDEX('Raw Data'!O:O,MATCH($A10,'Raw Data'!$C:$C,0)),0) -> 0.94185516 | D10: =IFERROR(INDEX('Raw Data'!P:P,MATCH($A10,'Raw Data'!$C:$C,0)),0) -> 0.47872853 | E10: =IFERROR(INDEX('Raw Data'!Q:Q,MATCH($A10,'Raw Data'!$C:$C,0)),0) -> 867 | F10: =IFERROR(INDEX('Raw Data'!R:R,MATCH($A10,'Raw Data'!$C:$C,0)),0) -> 30433.18 | G10: =IFERROR(F10/E10,"-") -> 35.101707 | H10: =IFERROR(INDEX('Raw Data'!W:W,MATCH($A10,'Raw Data'!$C:$C,0)),0) -> 5572.77 | I10: =IFERROR(H10/F10,"-") -> 0.18311494
A11: BB-588 | B11: =IFERROR(INDEX('Raw Data'!D:D,MATCH($A11,'Raw Data'!$C:$C,0)),0) -> 720.0013 | C11: =IFERROR(INDEX('Raw Data'!O:O,MATCH($A11,'Raw Data'!$C:$C,0)),0) -> 0.79573426 | D11: =IFERROR(INDEX('Raw Data'!P:P,MATCH($A11,'Raw Data'!$C:$C,0)),0) -> 0.56105295 | E11: =IFERROR(INDEX('Raw Data'!Q:Q,MATCH($A11,'Raw Data'!$C:$C,0)),0) -> 866 | F11: =IFERROR(INDEX('Raw Data'!R:R,MATCH($A11,'Raw Data'!$C:$C,0)),0) -> 30530.62 | G11: =IFERROR(F11/E11,"-") -> 35.254758 | H11: =IFERROR(INDEX('Raw Data'!W:W,MATCH($A11,'Raw Data'!$C:$C,0)),0) -> 5070.41 | I11: =IFERROR(H11/F11,"-") -> 0.16607622
A12: BB-590 | B12: =IFERROR(INDEX('Raw Data'!D:D,MATCH($A12,'Raw Data'!$C:$C,0)),0) -> 720.0001 | C12: =IFERROR(INDEX('Raw Data'!O:O,MATCH($A12,'Raw Data'!$C:$C,0)),0) -> 0.95192112 | D12: =IFERROR(INDEX('Raw Data'!P:P,MATCH($A12,'Raw Data'!$C:$C,0)),0) -> 0.51164217 | E12: =IFERROR(INDEX('Raw Data'!Q:Q,MATCH($A12,'Raw Data'!$C:$C,0)),0) -> 864 | F12: =IFERROR(INDEX('Raw Data'!R:R,MATCH($A12,'Raw Data'!$C:$C,0)),0) -> 30498.67 | G12: =IFERROR(F12/E12,"-") -> 35.299387 | H12: =IFERROR(INDEX('Raw Data'!W:W,MATCH($A12,'Raw Data'!$C:$C,0)),0) -> 5707.15 | I12: =IFERROR(H12/F12,"-") -> 0.18712783
A13: BB-592 | B13: =IFERROR(INDEX('Raw Data'!D:D,MATCH($A13,'Raw Data'!$C:$C,0)),0) -> 720.0011 | C13: =IFERROR(INDEX('Raw Data'!O:O,MATCH($A13,'Raw Data'!$C:$C,0)),0) -> 0.92483442 | D13: =IFERROR(INDEX('Raw Data'!P:P,MATCH($A13,'Raw Data'!$C:$C,0)),0) -> 0.54565825 | E13: =IFERROR(INDEX('Raw Data'!Q:Q,MATCH($A13,'Raw Data'!$C:$C,0)),0) -> 857 | F13: =IFERROR(INDEX('Raw Data'!R:R,MATCH($A13,'Raw Data'!$C:$C,0)),0) -> 30062.65 | G13: =IFERROR(F13/E13,"-") -> 35.078938 | H13: =IFERROR(INDEX('Raw Data'!W:W,MATCH($A13,'Raw Data'!$C:$C,0)),0) -> 5531.57 | I13: =IFERROR(H13/F13,"-") -> 0.18400141
A14: BB-585 | B14: =IFERROR(INDEX('Raw Data'!D:D,MATCH($A14,'Raw Data'!$C:$C,0)),0) -> 720.0022 | C14: =IFERROR(INDEX('Raw Data'!O:O,MATCH($A14,'Raw Data'!$C:$C,0)),0) -> 0.82857275 | D14: =IFERROR(INDEX('Raw Data'!P:P,MATCH($A14,'Raw Data'!$C:$C,0)),0) -> 0.5789605 | E14: =IFERROR(INDEX('Raw Data'!Q:Q,MATCH($A14,'Raw Data'!$C:$C,0)),0) -> 846 | F14: =IFERROR(INDEX('Raw Data'!R:R,MATCH($A14,'Raw Data'!$C:$C,0)),0) -> 29955.96 | G14: =IFERROR(F14/E14,"-") -> 35.408936 | H14: =IFERROR(INDEX('Raw Data'!W:W,MATCH($A14,'Raw Data'!$C:$C,0)),0) -> 4950.69 | I14: =IFERROR(H14/F14,"-") -> 0.16526561
A15: BB-421 | B15: =IFERROR(INDEX('Raw Data'!D:D,MATCH($A15,'Raw Data'!$C:$C,0)),0) -> 720.0014 | C15: =IFERROR(INDEX('Raw Data'!O:O,MATCH($A15,'Raw Data'!$C:$C,0)),0) -> 0.93815068 | D15: =IFERROR(INDEX('Raw Data'!P:P,MATCH($A15,'Raw Data'!$C:$C,0)),0) -> 0.45013515 | E15: =IFERROR(INDEX('Raw Data'!Q:Q,MATCH($A15,'Raw Data'!$C:$C,0)),0) -> 738 | F15: =IFERROR(INDEX('Raw Data'!R:R,MATCH($A15,'Raw Data'!$C:$C,0)),0) -> 27270.82 | G15: =IFERROR(F15/E15,"-") -> 36.952331 | H15: =IFERROR(INDEX('Raw Data'!W:W,MATCH($A15,'Raw Data'!$C:$C,0)),0) -> 4938.59 | I15: =IFERROR(H15/F15,"-") -> 0.1810943
A16: BB-549 | B16: =IFERROR(INDEX('Raw Data'!D:D,MATCH($A16,'Raw Data'!$C:$C,0)),0) -> 720.0011 | C16: =IFERROR(INDEX('Raw Data'!O:O,MATCH($A16,'Raw Data'!$C:$C,0)),0) -> 0.4983866 | D16: =IFERROR(INDEX('Raw Data'!P:P,MATCH($A16,'Raw Data'!$C:$C,0)),0) -> 0 | E16: =IFERROR(INDEX('Raw Data'!Q:Q,MATCH($A16,'Raw Data'!$C:$C,0)),0) -> 730 | F16: =IFERROR(INDEX('Raw Data'!R:R,MATCH($A16,'Raw Data'!$C:$C,0)),0) -> 26879.43 | G16: =IFERROR(F16/E16,"-") -> 36.821137 | H16: =IFERROR(INDEX('Raw Data'!W:W,MATCH($A16,'Raw Data'!$C:$C,0)),0) -> 5028.9 | I16: =IFERROR(H16/F16,"-") -> 0.18709102
... A53: BB-520 | B53: =IFERROR(INDEX('Raw Data'!D:D,MATCH($A53,'Raw Data'!$C:$C,0)),0) -> 720.0008 | C53: =IFERROR(INDEX('Raw Data'!O:O,MATCH($A53,'Raw Data'!$C:$C,0)),0) -> 0.1934952 | D53: =IFERROR(INDEX('Raw Data'!P:P,MATCH($A53,'Raw Data'!$C:$C,0)),0) -> 0.53961226 | E53: =IFERROR(INDEX('Raw Data'!Q:Q,MATCH($A53,'Raw Data'!$C:$C,0)),0) -> 109 | F53: =IFERROR(INDEX('Raw Data'!R:R,MATCH($A53,'Raw Data'!$C:$C,0)),0) -> 4042.16 | G53: =IFERROR(F53/E53,"-") -> 37.084037 | H53: =IFERROR(INDEX('Raw Data'!W:W,MATCH($A53,'Raw Data'!$C:$C,0)),0) -> 828 | I53: =IFERROR(H53/F53,"-") -> 0.20484098
A54: 12 | B54: =IFERROR(INDEX('Raw Data'!D:D,MATCH($A54,'Raw Data'!$C:$C,0)),0) -> 718.79916 | C54: =IFERROR(INDEX('Raw Data'!O:O,MATCH($A54,'Raw Data'!$C:$C,0)),0) -> 0.11140336 | D54: =IFERROR(INDEX('Raw Data'!P:P,MATCH($A54,'Raw Data'!$C:$C,0)),0) -> 0.18056171 | E54: =IFERROR(INDEX('Raw Data'!Q:Q,MATCH($A54,'Raw Data'!$C:$C,0)),0) -> 80 | F54: =IFERROR(INDEX('Raw Data'!R:R,MATCH($A54,'Raw Data'!$C:$C,0)),0) -> 1861.96 | G54: =IFERROR(F54/E54,"-") -> 23.2745 | H54: =IFERROR(INDEX('Raw Data'!W:W,MATCH($A54,'Raw Data'!$C:$C,0)),0) -> 532.034 | I54: =IFERROR(H54/F54,"-") -> 0.28573868
A55: V-273 | B55: =IFERROR(INDEX('Raw Data'!D:D,MATCH($A55,'Raw Data'!$C:$C,0)),0) -> 712.672 | C55: =IFERROR(INDEX('Raw Data'!O:O,MATCH($A55,'Raw Data'!$C:$C,0)),0) -> 0.57037459 | D55: =IFERROR(INDEX('Raw Data'!P:P,MATCH($A55,'Raw Data'!$C:$C,0)),0) -> 0.1588659 | E55: =IFERROR(INDEX('Raw Data'!Q:Q,MATCH($A55,'Raw Data'!$C:$C,0)),0) -> 38 | F55: =IFERROR(INDEX('Raw Data'!R:R,MATCH($A55,'Raw Data'!$C:$C,0)),0) -> 891.32 | G55: =IFERROR(F55/E55,"-") -> 23.455789 | H55: =IFERROR(INDEX('Raw Data'!W:W,MATCH($A55,'Raw Data'!$C:$C,0)),0) -> 739.99 | I55: =IFERROR(H55/F55,"-") -> 0.8302181
A56: V-238 | B56: =IFERROR(INDEX('Raw Data'!D:D,MATCH($A56,'Raw Data'!$C:$C,0)),0) -> 712.9178 | C56: =IFERROR(INDEX('Raw Data'!O:O,MATCH($A56,'Raw Data'!$C:$C,0)),0) -> 0.21263602 | D56: =IFERROR(INDEX('Raw Data'!P:P,MATCH($A56,'Raw Data'!$C:$C,0)),0) -> 0.4695228 | E56: =IFERROR(INDEX('Raw Data'!Q:Q,MATCH($A56,'Raw Data'!$C:$C,0)),0) -> 34 | F56: =IFERROR(INDEX('Raw Data'!R:R,MATCH($A56,'Raw Data'!$C:$C,0)),0) -> 777.36 | G56: =IFERROR(F56/E56,"-") -> 22.863529 | H56: =IFERROR(INDEX('Raw Data'!W:W,MATCH($A56,'Raw Data'!$C:$C,0)),0) -> 834.44 | I56: =IFERROR(H56/F56,"-") -> 1.073428
A57: V-263 | B57: =IFERROR(INDEX('Raw Data'!D:D,MATCH($A57,'Raw Data'!$C:$C,0)),0) -> 720 | C57: =IFERROR(INDEX('Raw Data'!O:O,MATCH($A57,'Raw Data'!$C:$C,0)),0) -> 0.16054125 | D57: =IFERROR(INDEX('Raw Data'!P:P,MATCH($A57,'Raw Data'!$C:$C,0)),0) -> 0.18355961 | E57: =IFERROR(INDEX('Raw Data'!Q:Q,MATCH($A57,'Raw Data'!$C:$C,0)),0) -> 8 | F57: =IFERROR(INDEX('Raw Data'!R:R,MATCH($A57,'Raw Data'!$C:$C,0)),0) -> 193.28 | G57: =IFERROR(F57/E57,"-") -> 24.16 | H57: =IFERROR(INDEX('Raw Data'!W:W,MATCH($A57,'Raw Data'!$C:$C,0)),0) -> 280.39 | I57: =IFERROR(H57/F57,"-") -> 1.4506933
A58: BB-404 | B58: =IFERROR(INDEX('Raw Data'!D:D,MATCH($A58,'Raw Data'!$C:$C,0)),0) -> 719.9999 | C58: =IFERROR(INDEX('Raw Data'!O:O,MATCH($A58,'Raw Data'!$C:$C,0)),0) -> 0.072955566 | D58: =IFERROR(INDEX('Raw Data'!P:P,MATCH($A58,'Raw Data'!$C:$C,0)),0) -> 0.16239339 | E58: =IFERROR(INDEX('Raw Data'!Q:Q,MATCH($A58,'Raw Data'!$C:$C,0)),0) -> 1 | F58: =IFERROR(INDEX('Raw Data'!R:R,MATCH($A58,'Raw Data'!$C:$C,0)),0) -> 35.28 | G58: =IFERROR(F58/E58,"-") -> 35.28 | H58: =IFERROR(INDEX('Raw Data'!W:W,MATCH($A58,'Raw Data'!$C:$C,0)),0) -> 180.95 | I58: =IFERROR(H58/F58,"-") -> 5.1289683
A59: BB-412 | B59: =IFERROR(INDEX('Raw Data'!D:D,MATCH($A59,'Raw Data'!$C:$C,0)),0) -> 720.0001 | C59: =IFERROR(INDEX('Raw Data'!O:O,MATCH($A59,'Raw Data'!$C:$C,0)),0) -> 0.0015405553 | D59: =IFERROR(INDEX('Raw Data'!P:P,MATCH($A59,'Raw Data'!$C:$C,0)),0) -> 0.93085106 | E59: =IFERROR(INDEX('Raw Data'!Q:Q,MATCH($A59,'Raw Data'!$C:$C,0)),0) -> 1 | F59: =IFERROR(INDEX('Raw Data'!R:R,MATCH($A59,'Raw Data'!$C:$C,0)),0) -> 35.82 | G59: =IFERROR(F59/E59,"-") -> 35.82 | H59: =IFERROR(INDEX('Raw Data'!W:W,MATCH($A59,'Raw Data'!$C:$C,0)),0) -> 0 | I59: =IFERROR(H59/F59,"-") -> 0
A60: V-235 | B60: =IFERROR(INDEX('Raw Data'!D:D,MATCH($A60,'Raw Data'!$C:$C,0)),0) -> 720 | C60: =IFERROR(INDEX('Raw Data'!O:O,MATCH($A60,'Raw Data'!$C:$C,0)),0) -> 8.29167e-05 | D60: =IFERROR(INDEX('Raw Data'!P:P,MATCH($A60,'Raw Data'!$C:$C,0)),0) -> 1 | E60: =IFERROR(INDEX('Raw Data'!Q:Q,MATCH($A60,'Raw Data'!$C:$C,0)),0) -> 0 | F60: =IFERROR(INDEX('Raw Data'!R:R,MATCH($A60,'Raw Data'!$C:$C,0)),0) -> 0 | G60: =IFERROR(F60/E60,"-") -> - | H60: =IFERROR(INDEX('Raw Data'!W:W,MATCH($A60,'Raw Data'!$C:$C,0)),0) -> 0 | I60: =IFERROR(H60/F60,"-") -> -
A61: V-260 | B61: =IFERROR(INDEX('Raw Data'!D:D,MATCH($A61,'Raw Data'!$C:$C,0)),0) -> 720.0003 | C61: =IFERROR(INDEX('Raw Data'!O:O,MATCH($A61,'Raw Data'!$C:$C,0)),0) -> 0.036791235 | D61: =IFERROR(INDEX('Raw Data'!P:P,MATCH($A61,'Raw Data'!$C:$C,0)),0) -> 0.19813361 | E61: =IFERROR(INDEX('Raw Data'!Q:Q,MATCH($A61,'Raw Data'!$C:$C,0)),0) -> 0 | F61: =IFERROR(INDEX('Raw Data'!R:R,MATCH($A61,'Raw Data'!$C:$C,0)),0) -> 0 | G61: =IFERROR(F61/E61,"-") -> - | H61: =IFERROR(INDEX('Raw Data'!W:W,MATCH($A61,'Raw Data'!$C:$C,0)),0) -> 386.84 | I61: =IFERROR(H61/F61,"-") -> -
A62: V-267 | B62: =IFERROR(INDEX('Raw Data'!D:D,MATCH($A62,'Raw Data'!$C:$C,0)),0) -> 719.9997 | C62: =IFERROR(INDEX('Raw Data'!O:O,MATCH($A62,'Raw Data'!$C:$C,0)),0) -> 0.36177251 | D62: =IFERROR(INDEX('Raw Data'!P:P,MATCH($A62,'Raw Data'!$C:$C,0)),0) -> 0.042263762 | E62: =IFERROR(INDEX('Raw Data'!Q:Q,MATCH($A62,'Raw Data'!$C:$C,0)),0) -> 0 | F62: =IFERROR(INDEX('Raw Data'!R:R,MATCH($A62,'Raw Data'!$C:$C,0)),0) -> 0 | G62: =IFERROR(F62/E62,"-") -> - | H62: =IFERROR(INDEX('Raw Data'!W:W,MATCH($A62,'Raw Data'!$C:$C,0)),0) -> 418.51 | I62: =IFERROR(H62/F62,"-") -> -
A63: V-274 | B63: =IFERROR(INDEX('Raw Data'!D:D,MATCH($A63,'Raw Data'!$C:$C,0)),0) -> 720.0001 | C63: =IFERROR(INDEX('Raw Data'!O:O,MATCH($A63,'Raw Data'!$C:$C,0)),0) -> 4.25e-05 | D63: =IFERROR(INDEX('Raw Data'!P:P,MATCH($A63,'Raw Data'!$C:$C,0)),0) -> 0.95751634 | E63: =IFERROR(INDEX('Raw Data'!Q:Q,MATCH($A63,'Raw Data'!$C:$C,0)),0) -> 0 | F63: =IFERROR(INDEX('Raw Data'!R:R,MATCH($A63,'Raw Data'!$C:$C,0)),0) -> 0 | G63: =IFERROR(F63/E63,"-") -> - | H63: =IFERROR(INDEX('Raw Data'!W:W,MATCH($A63,'Raw Data'!$C:$C,0)),0) -> 0 | I63: =IFERROR(H63/F63,"-") -> -
A64: V-275 | B64: =IFERROR(INDEX('Raw Data'!D:D,MATCH($A64,'Raw Data'!$C:$C,0)),0) -> 720.0001 | C64: =IFERROR(INDEX('Raw Data'!O:O,MATCH($A64,'Raw Data'!$C:$C,0)),0) -> 0.0002183333 | D64: =IFERROR(INDEX('Raw Data'!P:P,MATCH($A64,'Raw Data'!$C:$C,0)),0) -> 0.98536896 | E64: =IFERROR(INDEX('Raw Data'!Q:Q,MATCH($A64,'Raw Data'!$C:$C,0)),0) -> 0 | F64: =IFERROR(INDEX('Raw Data'!R:R,MATCH($A64,'Raw Data'!$C:$C,0)),0) -> 0 | G64: =IFERROR(F64/E64,"-") -> - | H64: =IFERROR(INDEX('Raw Data'!W:W,MATCH($A64,'Raw Data'!$C:$C,0)),0) -> 0 | I64: =IFERROR(H64/F64,"-") -> -
A65: V-283 | B65: =IFERROR(INDEX('Raw Data'!D:D,MATCH($A65,'Raw Data'!$C:$C,0)),0) -> 719.9999 | C65: =IFERROR(INDEX('Raw Data'!O:O,MATCH($A65,'Raw Data'!$C:$C,0)),0) -> 4.81945e-05 | D65: =IFERROR(INDEX('Raw Data'!P:P,MATCH($A65,'Raw Data'!$C:$C,0)),0) -> 0.95965418 | E65: =IFERROR(INDEX('Raw Data'!Q:Q,MATCH($A65,'Raw Data'!$C:$C,0)),0) -> 0 | F65: =IFERROR(INDEX('Raw Data'!R:R,MATCH($A65,'Raw Data'!$C:$C,0)),0) -> 0 | G65: =IFERROR(F65/E65,"-") -> - | H65: =IFERROR(INDEX('Raw Data'!W:W,MATCH($A65,'Raw Data'!$C:$C,0)),0) -> 0 | I65: =IFERROR(H65/F65,"-") -> -
A66: BB-396 | B66: =IFERROR(INDEX('Raw Data'!D:D,MATCH($A66,'Raw Data'!$C:$C,0)),0) -> 720 | C66: =IFERROR(INDEX('Raw Data'!O:O,MATCH($A66,'Raw Data'!$C:$C,0)),0) -> 1 | D66: =IFERROR(INDEX('Raw Data'!P:P,MATCH($A66,'Raw Data'!$C:$C,0)),0) -> 0 | E66: =IFERROR(INDEX('Raw Data'!Q:Q,MATCH($A66,'Raw Data'!$C:$C,0)),0) -> 0 | F66: =IFERROR(INDEX('Raw Data'!R:R,MATCH($A66,'Raw Data'!$C:$C,0)),0) -> 0 | G66: =IFERROR(F66/E66,"-") -> - | H66: =IFERROR(INDEX('Raw Data'!W:W,MATCH($A66,'Raw Data'!$C:$C,0)),0) -> 40.62 | I66: =IFERROR(H66/F66,"-") -> -
A67: BB-507 | B67: =IFERROR(INDEX('Raw Data'!D:D,MATCH($A67,'Raw Data'!$C:$C,0)),0) -> 720 | C67: =IFERROR(INDEX('Raw Data'!O:O,MATCH($A67,'Raw Data'!$C:$C,0)),0) -> 1 | D67: =IFERROR(INDEX('Raw Data'!P:P,MATCH($A67,'Raw Data'!$C:$C,0)),0) -> 0 | E67: =IFERROR(INDEX('Raw Data'!Q:Q,MATCH($A67,'Raw Data'!$C:$C,0)),0) -> 0 | F67: =IFERROR(INDEX('Raw Data'!R:R,MATCH($A67,'Raw Data'!$C:$C,0)),0) -> 0 | G67: =IFERROR(F67/E67,"-") -> - | H67: =IFERROR(INDEX('Raw Data'!W:W,MATCH($A67,'Raw Data'!$C:$C,0)),0) -> 0 | I67: =IFERROR(H67/F67,"-") -> -
A70: DUMPER OB PRODUCTION | ID static, values = INDEX/MATCH | L/m³ = in-row calc
A71: Equipment ID | B71: Shift Hrs | C71: Avail % | D71: Util % | E71: OB Trips | F71: OB CUM (m³) | G71: TF | H71: Diesel (L) | I71: L/m³ OB
A72: K-002 | B72: =IFERROR(INDEX('Raw Data'!D:D,MATCH($A72,'Raw Data'!$C:$C,0)),0) -> 720.0002 | C72: =IFERROR(INDEX('Raw Data'!O:O,MATCH($A72,'Raw Data'!$C:$C,0)),0) -> 0.88321087 | D72: =IFERROR(INDEX('Raw Data'!P:P,MATCH($A72,'Raw Data'!$C:$C,0)),0) -> 0.8714525 | E72: =IFERROR(INDEX('Raw Data'!T:T,MATCH($A72,'Raw Data'!$C:$C,0)),0) -> 1432 | F72: =IFERROR(INDEX('Raw Data'!U:U,MATCH($A72,'Raw Data'!$C:$C,0)),0) -> 60144 | G72: =IFERROR(INDEX('Raw Data'!V:V,MATCH($A72,'Raw Data'!$C:$C,0)),0) -> 42 | H72: =IFERROR(INDEX('Raw Data'!W:W,MATCH($A72,'Raw Data'!$C:$C,0)),0) -> 25352.61 | I72: =IFERROR(H72/F72,"-") -> 0.42153182
A73: K-003 | B73: =IFERROR(INDEX('Raw Data'!D:D,MATCH($A73,'Raw Data'!$C:$C,0)),0) -> 719.9999 | C73: =IFERROR(INDEX('Raw Data'!O:O,MATCH($A73,'Raw Data'!$C:$C,0)),0) -> 0.80373747 | D73: =IFERROR(INDEX('Raw Data'!P:P,MATCH($A73,'Raw Data'!$C:$C,0)),0) -> 0.86617467 | E73: =IFERROR(INDEX('Raw Data'!T:T,MATCH($A73,'Raw Data'!$C:$C,0)),0) -> 1291 | F73: =IFERROR(INDEX('Raw Data'!U:U,MATCH($A73,'Raw Data'!$C:$C,0)),0) -> 54222 | G73: =IFERROR(INDEX('Raw Data'!V:V,MATCH($A73,'Raw Data'!$C:$C,0)),0) -> 42 | H73: =IFERROR(INDEX('Raw Data'!W:W,MATCH($A73,'Raw Data'!$C:$C,0)),0) -> 22108.11 | I73: =IFERROR(H73/F73,"-") -> 0.40773321
A74: K-006 | B74: =IFERROR(INDEX('Raw Data'!D:D,MATCH($A74,'Raw Data'!$C:$C,0)),0) -> 719.9998 | C74: =IFERROR(INDEX('Raw Data'!O:O,MATCH($A74,'Raw Data'!$C:$C,0)),0) -> 0.78672758 | D74: =IFERROR(INDEX('Raw Data'!P:P,MATCH($A74,'Raw Data'!$C:$C,0)),0) -> 0.8721587 | E74: =IFERROR(INDEX('Raw Data'!T:T,MATCH($A74,'Raw Data'!$C:$C,0)),0) -> 1197 | F74: =IFERROR(INDEX('Raw Data'!U:U,MATCH($A74,'Raw Data'!$C:$C,0)),0) -> 50274 | G74: =IFERROR(INDEX('Raw Data'!V:V,MATCH($A74,'Raw Data'!$C:$C,0)),0) -> 42 | H74: =IFERROR(INDEX('Raw Data'!W:W,MATCH($A74,'Raw Data'!$C:$C,0)),0) -> 21594.39 | I74: =IFERROR(H74/F74,"-") -> 0.42953395
A75: S-374 | B75: =IFERROR(INDEX('Raw Data'!D:D,MATCH($A75,'Raw Data'!$C:$C,0)),0) -> 719.9997 | C75: =IFERROR(INDEX('Raw Data'!O:O,MATCH($A75,'Raw Data'!$C:$C,0)),0) -> 0.7621899 | D75: =IFERROR(INDEX('Raw Data'!P:P,MATCH($A75,'Raw Data'!$C:$C,0)),0) -> 0.880508 | E75: =IFERROR(INDEX('Raw Data'!T:T,MATCH($A75,'Raw Data'!$C:$C,0)),0) -> 1103 | F75: =IFERROR(INDEX('Raw Data'!U:U,MATCH($A75,'Raw Data'!$C:$C,0)),0) -> 30884 | G75: =IFERROR(INDEX('Raw Data'!V:V,MATCH($A75,'Raw Data'!$C:$C,0)),0) -> 28 | H75: =IFERROR(INDEX('Raw Data'!W:W,MATCH($A75,'Raw Data'!$C:$C,0)),0) -> 9992.06 | I75: =IFERROR(H75/F75,"-") -> 0.32353516
A76: S-371 | B76: =IFERROR(INDEX('Raw Data'!D:D,MATCH($A76,'Raw Data'!$C:$C,0)),0) -> 720.0002 | C76: =IFERROR(INDEX('Raw Data'!O:O,MATCH($A76,'Raw Data'!$C:$C,0)),0) -> 0.91245864 | D76: =IFERROR(INDEX('Raw Data'!P:P,MATCH($A76,'Raw Data'!$C:$C,0)),0) -> 0.86720985 | E76: =IFERROR(INDEX('Raw Data'!T:T,MATCH($A76,'Raw Data'!$C:$C,0)),0) -> 1094 | F76: =IFERROR(INDEX('Raw Data'!U:U,MATCH($A76,'Raw Data'!$C:$C,0)),0) -> 30632 | G76: =IFERROR(INDEX('Raw Data'!V:V,MATCH($A76,'Raw Data'!$C:$C,0)),0) -> 28 | H76: =IFERROR(INDEX('Raw Data'!W:W,MATCH($A76,'Raw Data'!$C:$C,0)),0) -> 9638.48 | I76: =IFERROR(H76/F76,"-") -> 0.31465396
A77: S-387 | B77: =IFERROR(INDEX('Raw Data'!D:D,MATCH($A77,'Raw Data'!$C:$C,0)),0) -> 719.9991 | C77: =IFERROR(INDEX('Raw Data'!O:O,MATCH($A77,'Raw Data'!$C:$C,0)),0) -> 0.87324234 | D77: =IFERROR(INDEX('Raw Data'!P:P,MATCH($A77,'Raw Data'!$C:$C,0)),0) -> 0.8568615 | E77: =IFERROR(INDEX('Raw Data'!T:T,MATCH($A77,'Raw Data'!$C:$C,0)),0) -> 1059 | F77: =IFERROR(INDEX('Raw Data'!U:U,MATCH($A77,'Raw Data'!$C:$C,0)),0) -> 29652 | G77: =IFERROR(INDEX('Raw Data'!V:V,MATCH($A77,'Raw Data'!$C:$C,0)),0) -> 28 | H77: =IFERROR(INDEX('Raw Data'!W:W,MATCH($A77,'Raw Data'!$C:$C,0)),0) -> 9947.5 | I77: =IFERROR(H77/F77,"-") -> 0.33547484
A78: S-382 | B78: =IFERROR(INDEX('Raw Data'!D:D,MATCH($A78,'Raw Data'!$C:$C,0)),0) -> 720.0002 | C78: =IFERROR(INDEX('Raw Data'!O:O,MATCH($A78,'Raw Data'!$C:$C,0)),0) -> 0.91745683 | D78: =IFERROR(INDEX('Raw Data'!P:P,MATCH($A78,'Raw Data'!$C:$C,0)),0) -> 0.86978062 | E78: =IFERROR(INDEX('Raw Data'!T:T,MATCH($A78,'Raw Data'!$C:$C,0)),0) -> 1048 | F78: =IFERROR(INDEX('Raw Data'!U:U,MATCH($A78,'Raw Data'!$C:$C,0)),0) -> 29344 | G78: =IFERROR(INDEX('Raw Data'!V:V,MATCH($A78,'Raw Data'!$C:$C,0)),0) -> 28 | H78: =IFERROR(INDEX('Raw Data'!W:W,MATCH($A78,'Raw Data'!$C:$C,0)),0) -> 9931.64 | I78: =IFERROR(H78/F78,"-") -> 0.33845556
A79: S-370 | B79: =IFERROR(INDEX('Raw Data'!D:D,MATCH($A79,'Raw Data'!$C:$C,0)),0) -> 720.0016 | C79: =IFERROR(INDEX('Raw Data'!O:O,MATCH($A79,'Raw Data'!$C:$C,0)),0) -> 0.82796372 | D79: =IFERROR(INDEX('Raw Data'!P:P,MATCH($A79,'Raw Data'!$C:$C,0)),0) -> 0.87028848 | E79: =IFERROR(INDEX('Raw Data'!T:T,MATCH($A79,'Raw Data'!$C:$C,0)),0) -> 1038 | F79: =IFERROR(INDEX('Raw Data'!U:U,MATCH($A79,'Raw Data'!$C:$C,0)),0) -> 29064 | G79: =IFERROR(INDEX('Raw Data'!V:V,MATCH($A79,'Raw Data'!$C:$C,0)),0) -> 28 | H79: =IFERROR(INDEX('Raw Data'!W:W,MATCH($A79,'Raw Data'!$C:$C,0)),0) -> 9972.46 | I79: =IFERROR(H79/F79,"-") -> 0.3431207
A80: S-386 | B80: =IFERROR(INDEX('Raw Data'!D:D,MATCH($A80,'Raw Data'!$C:$C,0)),0) -> 719.9992 | C80: =IFERROR(INDEX('Raw Data'!O:O,MATCH($A80,'Raw Data'!$C:$C,0)),0) -> 0.90483198 | D80: =IFERROR(INDEX('Raw Data'!P:P,MATCH($A80,'Raw Data'!$C:$C,0)),0) -> 0.86610498 | E80: =IFERROR(INDEX('Raw Data'!T:T,MATCH($A80,'Raw Data'!$C:$C,0)),0) -> 1027 | F80: =IFERROR(INDEX('Raw Data'!U:U,MATCH($A80,'Raw Data'!$C:$C,0)),0) -> 28756 | G80: =IFERROR(INDEX('Raw Data'!V:V,MATCH($A80,'Raw Data'!$C:$C,0)),0) -> 28 | H80: =IFERROR(INDEX('Raw Data'!W:W,MATCH($A80,'Raw Data'!$C:$C,0)),0) -> 9301.65 | I80: =IFERROR(H80/F80,"-") -> 0.32346815
A81: S-375 | B81: =IFERROR(INDEX('Raw Data'!D:D,MATCH($A81,'Raw Data'!$C:$C,0)),0) -> 720.0004 | C81: =IFERROR(INDEX('Raw Data'!O:O,MATCH($A81,'Raw Data'!$C:$C,0)),0) -> 0.85373216 | D81: =IFERROR(INDEX('Raw Data'!P:P,MATCH($A81,'Raw Data'!$C:$C,0)),0) -> 0.86193635 | E81: =IFERROR(INDEX('Raw Data'!T:T,MATCH($A81,'Raw Data'!$C:$C,0)),0) -> 1025 | F81: =IFERROR(INDEX('Raw Data'!U:U,MATCH($A81,'Raw Data'!$C:$C,0)),0) -> 28700 | G81: =IFERROR(INDEX('Raw Data'!V:V,MATCH($A81,'Raw Data'!$C:$C,0)),0) -> 28 | H81: =IFERROR(INDEX('Raw Data'!W:W,MATCH($A81,'Raw Data'!$C:$C,0)),0) -> 9220.76 | I81: =IFERROR(H81/F81,"-") -> 0.32128084
A82: K-001 | B82: =IFERROR(INDEX('Raw Data'!D:D,MATCH($A82,'Raw Data'!$C:$C,0)),0) -> 719.9999 | C82: =IFERROR(INDEX('Raw Data'!O:O,MATCH($A82,'Raw Data'!$C:$C,0)),0) -> 0.69149357 | D82: =IFERROR(INDEX('Raw Data'!P:P,MATCH($A82,'Raw Data'!$C:$C,0)),0) -> 0.87057803 | E82: =IFERROR(INDEX('Raw Data'!T:T,MATCH($A82,'Raw Data'!$C:$C,0)),0) -> 1011 | F82: =IFERROR(INDEX('Raw Data'!U:U,MATCH($A82,'Raw Data'!$C:$C,0)),0) -> 42462 | G82: =IFERROR(INDEX('Raw Data'!V:V,MATCH($A82,'Raw Data'!$C:$C,0)),0) -> 42 | H82: =IFERROR(INDEX('Raw Data'!W:W,MATCH($A82,'Raw Data'!$C:$C,0)),0) -> 20016.89 | I82: =IFERROR(H82/F82,"-") -> 0.47140714
A83: K-008 | B83: =IFERROR(INDEX('Raw Data'!D:D,MATCH($A83,'Raw Data'!$C:$C,0)),0) -> 720 | C83: =IFERROR(INDEX('Raw Data'!O:O,MATCH($A83,'Raw Data'!$C:$C,0)),0) -> 0.66152875 | D83: =IFERROR(INDEX('Raw Data'!P:P,MATCH($A83,'Raw Data'!$C:$C,0)),0) -> 0.86849505 | E83: =IFERROR(INDEX('Raw Data'!T:T,MATCH($A83,'Raw Data'!$C:$C,0)),0) -> 1006 | F83: =IFERROR(INDEX('Raw Data'!U:U,MATCH($A83,'Raw Data'!$C:$C,0)),0) -> 42252 | G83: =IFERROR(INDEX('Raw Data'!V:V,MATCH($A83,'Raw Data'!$C:$C,0)),0) -> 42 | H83: =IFERROR(INDEX('Raw Data'!W:W,MATCH($A83,'Raw Data'!$C:$C,0)),0) -> 19943.53 | I83: =IFERROR(H83/F83,"-") -> 0.47201387
... A146: S-405 | B146: =IFERROR(INDEX('Raw Data'!D:D,MATCH($A146,'Raw Data'!$C:$C,0)),0) -> 720.0012 | C146: =IFERROR(INDEX('Raw Data'!O:O,MATCH($A146,'Raw Data'!$C:$C,0)),0) -> 0.90311502 | D146: =IFERROR(INDEX('Raw Data'!P:P,MATCH($A146,'Raw Data'!$C:$C,0)),0) -> 0.44415872 | E146: =IFERROR(INDEX('Raw Data'!T:T,MATCH($A146,'Raw Data'!$C:$C,0)),0) -> 0 | F146: =IFERROR(INDEX('Raw Data'!U:U,MATCH($A146,'Raw Data'!$C:$C,0)),0) -> 0 | G146: =IFERROR(INDEX('Raw Data'!V:V,MATCH($A146,'Raw Data'!$C:$C,0)),0) -> 28 | H146: =IFERROR(INDEX('Raw Data'!W:W,MATCH($A146,'Raw Data'!$C:$C,0)),0) -> 6762.5 | I146: =IFERROR(H146/F146,"-") -> -

Sheet Improvement Opportunities
A1: IMPROVEMENT OPPORTUNITIES & RECOMMENDATIONS | APRIL 2025
A3: NON-OPERATIONAL UNITS — Zero Availability All Month (9 units)
A4: Zero productive hours for the full month. Investigate: major breakdown, awaiting spare parts, or retirement decision.
A5: Equipment ID | B5: Equipment Group | C5: Breakdown Hrs | D5: Diesel (L) | E5: Investigate | F5: Action
A6: V-236 | B6: Tipper | C6: 720 | D6: - | E6: Pending RCA | F6: Escalate to maintenance manager
A7: V-246 | B7: Tipper | C7: 720 | D7: - | E7: Pending RCA | F7: Escalate to maintenance manager
A8: V-266 | B8: Tipper | C8: 720 | D8: - | E8: Pending RCA | F8: Escalate to maintenance manager
A9: BB-399 | B9: Tipper | C9: 720 | D9: - | E9: Pending RCA | F9: Escalate to maintenance manager
A10: S-055 | B10: Dumper | C10: 720 | D10: - | E10: Pending RCA | F10: Escalate to maintenance manager
A11: S-373 | B11: Dumper | C11: 720 | D11: - | E11: Pending RCA | F11: Escalate to maintenance manager
A12: SDLG-DEMO | B12: Front End Loader | C12: 720 | D12: - | E12: Pending RCA | F12: Escalate to maintenance manager
A13: EX-200 | B13: Excavator | C13: 720 | D13: 28997 | E13: Pending RCA | F13: Escalate to maintenance manager
A14: CSM-001 | B14: Surface Miner | C14: 720 | D14: 16798 | E14: Pending RCA | F14: Escalate to maintenance manager
A16: LOW AVAILABILITY UNITS (<40%) — 40 units
A17: Availability below 40% = machine unavailable >60% of scheduled shift. Primary cause: high breakdown frequency or extended repair time.
A18: Equipment ID | B18: Equipment Group | C18: Availability % | D18: Breakdown Hrs | E18: Idle Hrs | F18: Avail Hrs
A19: V-274 | B19: Tipper | C19: 0 | D19: 720 | E19: 0 | F19: 0
A20: V-283 | B20: Tipper | C20: 0 | D20: 720 | E20: 0 | F20: 0
A21: V-235 | B21: Tipper | C21: 0.0001 | D21: 719.9 | E21: 0 | F21: 0.1
A22: EX-108 | B22: Excavator | C22: 0.0002 | D22: 719.9 | E22: 0 | F22: 0.1
A23: V-275 | B23: Tipper | C23: 0.0002 | D23: 719.8 | E23: 0 | F23: 0.2
A24: EX-196 | B24: Excavator | C24: 0.0008 | D24: 719.4 | E24: 0 | F24: 0.6
A25: EX-098 | B25: Excavator | C25: 0.001 | D25: 719.2 | E25: 0.6 | F25: 0.7
A26: K-007 | B26: Dumper | C26: 0.0011 | D26: 719.2 | E26: 0.7 | F26: 0.8
A27: BB-412 | B27: Tipper | C27: 0.0015 | D27: 718.9 | E27: 0 | F27: 1.1
A28: S-046 | B28: Dumper | C28: 0.0063 | D28: 715.5 | E28: 1.2 | F28: 4.5
A29: L-001 | B29: Front End Loader | C29: 0.0192 | D29: 698.8 | E29: 4.5 | F29: 13.7
A30: V-260 | B30: Tipper | C30: 0.0368 | D30: 693.5 | E30: 20.3 | F30: 26.5
... A34: S-047 | B34: Dumper | C34: 0.0993 | D34: 648.5 | E34: 6 | F34: 71.5
A35: 12 | B35: Tipper | C35: 0.1114 | D35: 638.7 | E35: 46.5 | F35: 80.1
A36: V-263 | B36: Tipper | C36: 0.1605 | D36: 604.4 | E36: 92.9 | F36: 115.6
A37: EX-118 | B37: Excavator | C37: 0.1615 | D37: 595.4 | E37: 29.3 | F37: 114.7
A38: K-010 | B38: Dumper | C38: 0.1791 | D38: 591 | E38: 12.9 | F38: 129
A39: S-052 | B39: Dumper | C39: 0.1803 | D39: 587.3 | E39: 20 | F39: 129.2
A40: BB-520 | B40: Tipper | C40: 0.1935 | D40: 580.7 | E40: 62.8 | F40: 139.3
A41: S-054 | B41: Dumper | C41: 0.2017 | D41: 574.8 | E41: 22.3 | F41: 145.2
A42: BB-401 | B42: Tipper | C42: 0.2096 | D42: 569.1 | E42: 67 | F42: 150.9
A43: V-238 | B43: Tipper | C43: 0.2126 | D43: 561.3 | E43: 79.5 | F43: 151.6
A44: BB-436 | B44: Tipper | C44: 0.2569 | D44: 535 | E44: 85.5 | F44: 185
A45: EX-097 | B45: Excavator | C45: 0.2591 | D45: 533.5 | E45: 14.2 | F45: 186.5
A46: EX-165 | B46: Excavator | C46: 0.2594 | D46: 533.2 | E46: 18.3 | F46: 186.8
A47: BB-422 | B47: Tipper | C47: 0.2771 | D47: 520.5 | E47: 102.6 | F47: 199.5
... A58: BB-429 | B58: Tipper | C58: 0.3817 | D58: 445.2 | E58: 128.6 | F58: 274.8
A60: TOP 10 HIGHEST IDLE HOURS — Available but not producing
A61: Idle = equipment running but not producing. Every idle hour burns fuel with zero output. Causes: poor dispatch, queue at shovel/dump, operator breaks.
A62: Equipment ID | B62: Equipment Group | C62: Idle Hours | D62: Avail Hours | E62: Idle % of Avail | F62: Diesel (L) | G62: Est. Wasted Diesel (L) | H62: Action
A63: L-010 | B63: Front End Loader | C63: 720 | D63: 720 | E63: 1 | F63: - | G63: 11430 | H63: Improve dispatch / reduce queue time
A64: BB-510 | B64: Tipper | C64: 600.5 | D64: 657.2 | E64: 0.9137 | F64: 2683 | G64: 27783 | H64: Improve dispatch / reduce queue time
A65: K-004 | B65: Dumper | C65: 572.9 | D65: 654.7 | E65: 0.8751 | F65: 3226 | G65: 21567 | H65: Improve dispatch / reduce queue time
A66: EX-164 | B66: Excavator | C66: 489.7 | D66: 684.3 | E66: 0.7157 | F66: 23309 | G66: 60932 | H66: Improve dispatch / reduce queue time
A67: DB-338 | B67: Diesel Bowser | C67: 476.1 | D67: 556 | E67: 0.8562 | F67: 1047 | G67: 3801 | H67: Improve dispatch / reduce queue time
A68: BB-523 | B68: Tipper | C68: 450.2 | D68: 626.2 | E68: 0.719 | F68: 4786 | G68: 11221 | H68: Improve dispatch / reduce queue time
A69: BB-358 | B69: Tipper | C69: 449.6 | D69: 654.5 | E69: 0.6869 | F69: 4668 | G69: 9487 | H69: Improve dispatch / reduce queue time
A70: DB-007 | B70: Diesel Bowser | C70: 437.5 | D70: 448.9 | E70: 0.9746 | F70: 899 | G70: 23011 | H70: Improve dispatch / reduce queue time
